TM-NO,품명,중량,성형,소결,정형,가공,압입,밴딩,후처리,
009-00,PISTON,0.027,3001,3000,,,,,,
009-03,PISTON,0.027,,,,,,,11285,
009-04A,PISTON,0.027,,,,,,,13065,
014-00P,RETAINER GUIDE,0.012,,,,,,,11089,
016-00,RETAINER GUIDE,0.012,2997,2996,,,,,9240,
017-00,PISTON,0.068,2989,2988,,,,,,
017-02A,PISTON,0.068,,,,,,,11249,
044-04,ROD GUIDE ASS'Y,0.0357,2984,2983,2981,,2980,,9236,
044-05,ROD GUIDE ASS'Y,0.0357,2979,2974,2972,,2971,,9233,
044-06,ROD GUIDE ASS'Y,0.0357,2970,2969,2967,,2966,,9232,
044-07,ROD GUIDE ASS'Y,0.0357,2965,2964,2962,,2961,,9230,
046-00,ROD GUIDE ASS'Y,0.0357,2960,2959,2957,,2956,,,
051-00,PISTON,0.099,2952,2951,2950,,,,,
051-03A,PISTON,0.099,,,,,,,11239,
054-00,RETAINER GUIDE,0.0185,2946,2945,2944,,,,9226,
059-00,RETAINER GUIDE,0.032,2940,2939,2938,,,,9224,
060-00,"REB,RETAINER",0.01492,2934,2933,2930,,,,9223,
062-00,ROD GUIDE ASS'Y,0.097,2928,2927,2925,,2924,,,
062-01,ROD GUIDE ASS'Y,0.097,2923,2922,2920,,2915,,13949,
086-06,ROD GUIDE ASS'Y,0.15,2914,2913,2911,,2910,,,
086-07,ROD GUIDE ASS'Y,0.15,2909,2908,2906,,2905,,,
086-08,ROD GUIDE ASS'Y,0.15,2900,2899,2897,,2896,,12975,
089-00,BODY,0.0865,2895,2894,,,,,9213,
090-00,PISTON,0.0271,2889,2888,2887,,,,,
090-03A,PISTON,0.0271,,,,,,,11331,
1000-00,ROTOR,0.1327,5006,5005,,,,,9953,
1001-00,PISTON,0.0211,5001,5000,4999,,,,9952,
1002-00,BODY,0.0168,4996,4995,4994,,,,9951,
1003-00,ROD GUIDE,0.0395,4993,4992,4989,,,,,
1004-00,BODY,0.0475,4987,4986,4985,,,,9949,
1005-00,PISTON,0.0559,4984,4983,4982,,,,9948,
1006-00,PISTON,0.0413,4979,4978,4977,,,,9947,
1007-00,BODY,0.03,4974,4973,4972,,,,9946,
1008-00,ROD GUIDE,0.0235,4970,4969,4966,,,,9945,
1009-00,ROD GUIDE,0.038,4964,4963,4961,,,,9944,
1010-00,PISTON,0.077,4960,4959,4958,,,,9943,
1011-00,BODY,0.0703,4955,4954,4953,,,,9942,
1012-00,ROD GUIDE,0.258,4952,4951,4949,,,,9941,
1013-00,PISTON,0.1435,4948,4947,4946,,,,9940,
1014-00,BODY,0.169,4943,4942,4941,,,,9939,
1015-00,BODY,0.12,4939,4938,4937,,,,9938,
1016-00,"REB,RETAINER",0.0099,4935,4934,4933,,,,9937,
1017-00,"REB,RETAINER",0.0099,4931,4930,4929,,,,9936,
1018-00,PISTON,0.0425,4925,4924,4923,,,,9934,
1018-01,PISTON,0.0435,11585,11586,11587,,,,,
1018-01A,PISTON,0.0425,,,,,,,9935,
1018-10,PISTON,0.0425,4920,4919,4918,4917,,4914,9933,
1018-11,PISTON,0.0435,4913,4912,4911,11590,,4907,,
1019-00,BODY,0.0313,4906,4905,4904,,,,9931,
1019-01,BODY,0.0309,4901,4900,4899,,,,9930,
1020-00,ROD GUIDE,0.0975,4896,4895,4893,,,,9929,
1023-07,PISTON,0.029,4892,4891,4890,4889,,,9928,
1023-10,PISTON,0.029,4885,4884,4883,4882,,,9927,
1023-12,PISTON,0.029,4878,4877,4876,4875,,,,
1023-13,PISTON,0.029,4871,4870,4869,4868,,,9925,
1023-14,PISTON,0.029,4864,4863,4862,4861,,,9924,
1023-15,PISTON,0.029,4857,4856,4855,4854,,,9923,
1023-16,PISTON,0.029,4850,4849,4848,4847,,,9922,
1023-17,PISTON,0.029,4843,4842,4841,4840,,,9921,
1023-19,PISTON,0.03,12867,12868,12869,12870,,,12866,
1023-20,PISTON,0.03,16127,16128,16129,16130,,,16126,
1023-21,PISTON,0.03,16563,16564,16565,16566,,,16514,
1024-01,ROD GUIDE,0.08,19206,19207,19209,,,,19205,
1025-00,RACK STOPPER,0.0997,4832,4831,4830,,,,9919,
1027-00,ROD GUIDE ASS'Y,0.0945,19780,19781,19783,,19784,,21383,
1027-02,ROD GUIDE ASS'Y,0.0915,20264,23154,23156,,20268,,23152,
1030-00,ROD GUIDE ASS'Y,0.087,4816,4815,4813,,4812,,,
1030-01,ROD GUIDE ASS'Y,0.0873,4811,4810,4808,,4807,,,
1030-02,ROD GUIDE ASS'Y,0.083,19815,19816,19818,,19819,,23714,
1031-01,ROD GUIDE ASS'Y,0.0545,19772,19773,19775,,19776,,23569,
1032-00,SPROCKET,0.509,4249,4248,4247,,,,,
1033-00,PULLEY(F/IN JN PUMP DRV),0.473,4245,4244,4243,,,,,
1033-01,PULLEY(F/INJN PUMP DRV),0.467,4241,4240,4239,,,,,
1034-00,HUB,0.056,4237,4236,,,,,,
1034-01,HUB,0.07,4233,4232,,,,,,
1034-02,HUB(FS20),0.07,23369,23370,,,,,23367,
1034-03,HUB,0.07,4225,4224,,,,,,
1036-00,SUB BEARING,0.304,4221,4220,,,,,,
1037-00,MID PLATE,0.214,4217,4216,,,,,,
1042-00,ROD GUIDE ASS'Y,0.108,4209,4208,4206,,4205,,,
1042-01,ROD GUIDE ASS'Y,0.108,4204,4203,4201,,4200,,,
1042-02,ROD GUIDE ASS'Y,0.13,4199,4198,4196,,4195,,9659,
1043-00,ROD GUIDE ASS'Y,0.088,4194,4193,4191,,4190,,9657,
1045-00,IBJ STOPPER,0.0213,4189,4188,,,,,,
1045-01,IBJ STOPPER,0.0289,4186,4185,,,,,9655,
1046-00,BODY,0.0277,4183,4182,4181,,,,,
1046-01A,BODY,0.0277,,,,,,,9653,
1046-02,BODY,0.0277,4178,4177,4176,,,,9652,
1048-00,SIDE PLATE,0.145,4174,4173,,,,,9650,
1049-00,PRESSURE PLATE,0.265,4171,4170,,,,,9649,
1063-00,BODY,0.0283,4168,4167,4166,,,,,
1063-01A,BODY,0.0283,,,,,,,9648,
1064-00,HOUSING PISTON,0.12,4164,4163,,,,,,
1064-01,HOUSING PISTON,0.12,4159,4158,,,,,,
1064-02,HOUSING PISTON,0.12,4154,4153,,,,,,
1064-03,HOUSING PISTON,0.12,4149,4148,,,,,,
1065-00,COVER HOUSING,0.0327,4144,4143,,,,,,
1065-01,COVER HOUSING,0.0327,4139,4138,,,,,,
1065-02,COVER HOUSING,0.0327,4134,4133,,,,,,
1069-01,PISTON,0.0368,4129,4128,4127,4126,,4115,9638,
1069-02,PISTON,0.038,4113,4112,4111,4110,,4099,21090,
1069-03,PISTON,0.0376,4098,4097,4096,4095,,4084,21091,
1070-00,RACK STOPPER,0.1225,4083,4082,4081,,,,,
1070-01,RACK STOPPER,0.1369,4078,4077,4076,,,,9618,
1071-00,ROD GUIDE,0.112,4073,4072,4070,,,,9617,
1074-00,SUPPORT YOKE,0.108,4069,4068,4067,,4066,,9614,
1076-00,ROD GUIDE ASS'Y,0.098,4061,4060,4058,,4057,,9613,
1077-00,HUB,0.0114,4056,4055,,,,,9612,
1077-01,HUB,0.0114,4052,4051,,,,,23434,
1079-00,BODY,0.0297,4047,4046,4045,,,,,
1079-01,BODY,0.0298,4042,4041,4040,,,,9607,
1079-02A,BODY,0.0297,,,,,,,9609,
1079-03,BODY,0.0297,4038,4037,4036,,,,22052,
1079-05,BODY,0.0296,4034,4033,4032,,,,9605,
1079-07,BODY,0.0293,4030,4029,4028,,,,9603,
1079-08,BODY,0.0293,13158,13159,13160,,,,13157,
1080-01,REACTION BLOCK,0.404,14801,14802,,,,,14800,
1080-02A,REACTION BLOCK,0.404,,,,,,,14807,
1080-03A,REACTION BLOCK,0.404,,,,,,,14812,
1080-04A,REACTION BLOCK,0.404,,,,,,,22547,
1080-05,REACTION BLOCK,0.404,15051,15052,,,,,22285,
1080-06A,REACTION BLOCK,0.404,,,,,,,22286,
1081-00,HUB(LOW SPEED SYNC),0.241,4008,4007,4006,,,,,
1082-00,HUB(HIGH SPEED SYNC),0.181,3996,3995,3994,,,,,
1083-01,HUB(5TH SPEED SYNC),0.175,3978,3977,3976,,,,,
1083-02,HUB(5TH SPEED SYNC),0.17,3972,3971,3970,,,,,
1086-00,SPROCKET ASM-CR/SHF,0.314,3966,3965,3964,,,,,
1090-00,RETAINER GUIDE,0.066,3960,3959,,,,,,
1090-01,RETAINER GUIDE ASS'Y,0.066,3954,3953,,,,,9585,
1093-00,PISTON,0.051,3947,3946,3945,,,3940,,
1093-06,PISTON,0.051,3939,3938,3937,,,3932,,
1093-07,PISTON,0.051,3931,3930,3929,,,3924,,
1094-00,BASE VALVE,0.0464,3921,3920,3919,,,,,
1094-01,BASE VALVE,0.0464,3912,3911,3910,,,,,
1095-00,ROD GUIDE,0.095,3907,3906,3904,,,,11864,
1096-00,PISTON,0.051,3897,3896,3895,,,,,
1096-04A,PISTON,0.051,,,,,,3890,,
1096-05A,VALVE PISTON,0.0249,,,,,,3898,9571,
1096-06A,VALVE PISTON,0.0249,,,,,,3900,9572,
1096-07A,VALVE PISTON,0.0249,,,,,,3902,9573,
1097-00,ROD GUIDE,0.054,3889,3888,3886,,,,,
1098-00,BASE VALVE,0.0298,3884,3883,3882,,,,,
1098-01,BASE VALVE,0.0298,3877,3876,3875,,,,,
1098-05,VALVE BOTTOM,0.0301,3872,3871,3870,,,,,
1098-06,"VALVE,BOTTOM",0.0299,3867,3866,3865,,,,9563,
1098-07,"VALVE,BOTTOM",0.02915,3862,3861,3860,,,,9562,
1098-18,VALVE.BOTTOM,0.03,3857,3856,3855,,,,9560,
1098-21,BASE VALVE,0.0298,14506,14507,14508,,,,14505,
1099-00,SUPPORT YOKE ASS'Y,0.105,3852,3851,3850,,,,9559,
1100-01,BASE VALVE,0.02995,3847,3846,3845,,,,,
1100-02,BASE VALVE,0.02285,3842,3841,3840,,,,,
1100-03,BASE VALVE,0.0228,3837,3836,3835,,,,,
1100-08,BASE VALVE,0.0216,3832,3831,3830,,,,9554,
1100-09,"VALVE,BOTTOM",0.0215,3827,3826,3825,,,,9552,
1101-00,ROD GUIDE,0.087,3822,3821,3819,,,,9550,
1102-00,PINION GEAR,0.00089,3818,3817,,,,,,
1103-00,INTERMADIATE GEAR,0.0148,3814,3813,,,,,,
1104-00,GEAR OUTPUT,0.025,3809,3808,,,,,9546,
1107-01,UPPER RETAINER ASS'Y,0.087,3805,3804,3803,,,,9545,
1107-02,UPPER RETAINER ASS'Y,0.0872,3798,3797,3796,,,,9544,
1107-03,UPPER RETAINER ASS'Y,0.086,3791,3790,3789,,,,9543,
1108-00,PLATE SENSOR,0.554,3784,3783,3782,,,,,
1109-00,HUB,0.009,3779,3778,,,,,,
1112-00,TONE WHEEL,0.176,3775,3774,3773,,,,9540,
1113-00,CAM,0.0325,3769,3768,,,,,9539,
1114-00,GUIDE CAM,0.0343,3765,3764,,,,,9538,
1116-00,ROD GUIDE,0.067,3761,3760,3758,,,,,
1117-00,ROD GUIDE,0.084,3757,3756,3754,,,,,
1117-01,ROD GUIDE,0.0838,3753,3752,3750,,,,11865,
1120-00,SIDE PLATE,0.145,3749,3748,,,,,9534,
1121-00,PRESSURE PLATE,0.265,3747,3746,,,,,9533,
1122-00,ROD GUIDE,0.0668,3741,3740,3738,,,,,
1122-01,ROD GUIDE,0.0668,3737,3736,3734,,,,,
1123-00,SUPPORT YOKE ASS'Y,0.105,3733,3732,3731,,3729,,11637,
1129-07,BASE VALVE,0.0319,3726,3725,3724,,,,9525,
1130-00,HUB,0.008,3721,3720,,,,,,
1131-02,BODY,0.0293,3717,3716,3715,,,,,
1135-00,HUB,0.009,3713,3712,,,,,23353,
1137-00,SUPPORT YOKE ASS'Y,0.0829,3709,3708,3707,,3706,,15744,
1137-02,SUPPORT YOKE ASS'Y,0.0829,3703,3702,3701,,3700,,14727,
1140-00,VALVE BODY,0.034,3682,3681,3680,,,,,
1146-02,PISTON,0.01415,3677,3676,3675,,,,9511,
1149-00,SUPPORT YOKE ASS'Y,0.0716,3667,3666,3665,,3664,,15761,
1149-02A,SUPPORT YOKE ASS'Y,0.0716,,,,,,,15341,
1150-00,VALVE CHECK BODY,0.04,3661,3660,,,,,,
1150-01,VALVE CHECK BODY,0.0405,3657,3656,,,,,,
1150-02,VALVE CHECK BODY,0.0389,3653,3652,,,,,,
1151-00,"VALVE,PISTON",0.053,3639,3638,3637,12476,,,,
1151-01,"VALVE,PISTON",0.052,3633,3632,3631,12461,,12462,,
1151-02A,"VALVE,PISTON",0.053,,,,,,12477,12454,
1151-03,"VALVE,PISTON",0.053,3625,3624,3623,12466,,12467,,
1151-04A,"VALVE,PISTON",0.053,,,,,,3640,12455,
1151-05A,"VALVE,PISTON",0.053,,,,,,3642,12456,
1151-06A,"VALVE,PISTON",0.053,,,,,,12490,12460,
1151-07A,"VALVE,PISTON",0.053,,,,,,3626,12452,
1151-08A,"VALVE,PISTON",0.053,,,,,,3646,12458,
1151-09,"VALVE,PISTON",0.0516,3619,3618,3617,12471,,12472,,
1153-00,MOBAVEL GEAR TELES,0.0256,3612,3611,3610,,,,9493,
1154-00,TELES BLOCK(L),0.13,3606,3605,3604,,,,9492,
1156-00,VALVE PLATE,0.0425,3599,3598,,,,,,
1159-00,TELES BLOCK(R),0.1341,3594,3593,3592,,,,9490,
1160-01,CON-ROD,0.023,3587,3586,3583,,,,,
1163-01,PISTON,0.0486,3581,3580,,,,,,
1164-00,"VALVE,BOTTOM",0.0423,3575,3574,3573,,,,,
1164-07,"VALVE,BOTTOM",0.0423,3569,3568,3567,,,,9483,
1164-11,BASE VALVE,0.042,3564,3563,3562,,,,9482,
1165-00,HUB,0.0095,3559,3558,,,,,23358,
1166-00,ROD GUIDE,0.086,3555,3554,3552,,,,9476,
1167-00,VALVE CHECK,0.00558,3549,3548,,,,,,
1167-01,VALVE CHECK,0.00637,3544,3543,,,,,,
1172-06,PISTON,0.0254,3540,3539,3538,,,3533,,
1172-06A,VALVE PISTON,0.0249,,,,,,,9472,
1172-13,"VALVE,PISTON",0.0245,3532,3531,3530,12290,,12293,,
1172-15,PISTON,0.0249,3524,3523,3522,,,3517,,
1172-15A,VALVE PISTON,0.0249,,,,,,,9470,
1176-00,"VALVE,BOTTOM",0.0342,3516,3515,3514,,,,,
1176-03,BASE VALVE,0.0342,3510,3509,3508,,,,9466,
1176-05A,BASE VALVE,0.034,,,,,,,9469,
1176-06A,BASE VALVE,0.034,,,,,,,13450,
1177-06,VALVE BASE,0.034,3505,3504,3503,,,,9464,
1177-08,"VALVE,BOTTOM",0.0341,3500,3499,3498,,,,9462,
1181-00,"VALVE,PISTON",0.02995,11460,11461,11462,12326,,,,
1181-02,"VALVE,PISTON",0.0289,3495,3494,3493,,,3488,,
1181-03,"VALVE,PISTON",0.0292,2596,2595,2594,12295,,12296,,
1181-04,"VALVE,PISTON",0.0293,2588,2587,2586,,,2581,,
1181-04A,VALVE PISTON,0.02995,,,,,,,9127,
1181-05,"VALVE,PISTON",0.02975,2580,2579,2578,12301,,12302,,
1181-06,"VALVE,PISTON",0.0291,2572,2571,2570,12266,,12269,,
1181-07,"VALVE,PISTON",0.029,2564,2563,2562,12307,,12308,,
1181-08,"VALVE,PISTON",0.02995,2556,2555,2554,,,2549,,
1181-09,"VALVE,PISTON",0.02995,2548,2547,2546,12313,,12318,,
1181-10A,"VALVE,PISTON",0.02995,,,,,,11465,9121,
1182-00,"VALVE,PISTON",0.0373,2540,2539,2538,12418,,,,
1182-08,"VALVE,PISTON",0.0376,2532,2531,2530,12412,,12413,,
1182-09,"VALVE,PISTON",0.0374,2520,2519,2518,12407,,12408,12361,
1182-09A,VALVE PISTON,0.0373,,,,,,,9115,
1182-10,"VALVE,PISTON",0.0373,2512,2511,2510,12402,,2505,,
1182-10A,VALVE PISTON,0.0373,,,,,,,9113,
1182-12,"VALVE,PISTON",0.0374,2504,2503,2502,12397,,12398,,
1182-13,"VALVE,PISTON",0.0373,2496,2495,2494,12392,,12403,,
1182-14A,"VALVE,PISTON",0.0373,,,,,,12423,12417,
1182-18,VALVE PISTON,0.0373,18531,18532,18533,18534,,18538,,
1182-19,VALVE PISTON,0.0373,19533,19534,19535,19536,,19540,,
1182-20,VALVE PISTON,0.0373,21339,21340,21341,21342,,21346,,
1183-01,"VALVE,PISTON",0.02959,2488,2487,2486,12273,,12275,12272,
1183-01A,VALVE PISTON,0.0373,,,,,,,9108,
1184-00,PISTON,0.1175,2480,2479,2478,,,,,
1185-00,PISTON,0.125,2475,2474,2473,,,,9106,
1186-00,BODY,0.114,2468,2467,2466,,,,9103,
1186-02A,BODY,0.114,,,,,,,9104,
1186-03A,BODY,0.114,,,,,,,9105,
1186-04A,BODY,0.114,,,,,,,13813,
1186-05A,BODY,0.114,,,,,,,13815,
1187-00,BODY,0.0911,2464,2463,2462,,,,9102,
1188-00,ROD GUIDE,0.291,2460,2459,2457,,,,9101,
1189-00,GUIDE,0.00205,2455,2454,,,,,9100,
1191-02,PISTON,0.02974,2450,2449,2448,,,2443,,
1191-03,PISTON,0.02974,2442,2441,2440,,,2435,,
1199-00,TONE WHEEL,0.0384,2434,2433,2432,,,,9097,
1207-02,ROD GUIDE ASS'Y,0.074,2429,2428,2426,,2425,,23223,
1209-01,PISTON,0.036,2424,2423,2422,2421,,,9094,
1211-01,CON-ROD,0.0257,2417,2416,2413,,,,,
1212-01,CON-ROD,0.0238,2411,2410,2407,,,,,
1212-02,CON-ROD,0.0248,2405,2404,2401,,,,,
1213-00,MONO PISTON,0.0638,2399,2398,2397,2396,,2392,,
1213-00A,MONO PISTON,0.0638,,,,,,,9090,
1213-02,MONO PISTON,0.0638,2385,2384,2383,2382,,2378,,
1213-02A,MONO PISTON,0.0638,,,,,,,9088,
1213-03,MONO PISTON,0.0638,2377,2376,2375,2374,,2370,,
1213-03A,MONO PISTON,0.0638,,,,,,,9087,
1218-00,"VALVE,PISTON",0.023,13456,13457,13458,13459,,13463,,
1218-02,"VALVE,PISTON",0.0229,2369,2368,2367,11725,,11729,,
1218-04,"VALVE,PISTON",0.023,2357,2356,2355,11731,,11732,,
1218-06,"VALVE,PISTON",0.0237,2349,2348,2347,11712,,11715,,
1218-07,"VALVE,PISTON",0.023,2341,2340,2339,11753,,11757,,
1218-08,"VALVE,PISTON",0.023,2333,2332,2331,11759,,11763,,
1218-09,"VALVE,PISTON",0.0235,2325,2324,2323,2322,,2318,,
1218-10A,"VALVE,PISTON",0.0235,,,,,,14059,14050,
1219-00,TONE WHEEL,0.0376,2317,2316,2315,,,,9077,
1220-00,TONE WHEEL,0.0515,2313,2312,2311,,,,9076,
1221-00,TONE WHEEL,0.0547,2309,2308,2307,,,,9075,
1225-00,TONE WHEEL,0.0241,2305,2304,2303,,,,9074,
1226-00,TONE WHEEL,0.0514,2301,2300,2299,,,,9073,
1227-00,TONE WHEEL,0.046,2296,2295,2294,,,,9072,
1233-00,HUB,0.009,2291,2290,,,,,,
1234-00,"VALVE,PISTON",0.0238,2287,2286,2285,12445,,,,
1234-02,"VALVE,PISTON",0.024,2279,2278,2277,11766,,11770,,
1234-03,"VALVE, PISTON",0.0239,2271,2270,2269,11772,,11774,,
1234-04,"VALVE,PISTON",0.0238,2264,2263,2262,11778,,11780,11777,
1234-04A,VALVE PISTON,0.0238,,,,,,,9065,
1234-05A,"VALVE,PISTON",0.0238,,,,,,12443,12436,
1234-08,"VALVE,PISTON",0.025,2256,2255,2254,2253,,2249,,
1234-09,"VALVE,PISTON",0.0247,2248,2247,2246,2245,,2241,,
1234-10,"VALVE,PISTON",0.0241,12772,12773,12774,12775,,12778,,
1234-11,VALVE PISTON,0.025,14512,14513,14514,14515,,14519,,
1234-12A,VALVE PISTON,0.025,,,,,,16709,16707,
1238-00,TONE WHEEL,0.062,2240,2239,2238,,,,9062,
1239-00,TONE WHEEL,0.0681,2234,2233,2232,,,,,
1239-01,TONE WHEEL,0.0681,2230,2229,2228,,,,9060,
1240-00,TONE WHEEL,0.0223,2223,2222,2221,,,,9059,
1241-01,SUPPORT YOKE ASS'Y,0.0726,2219,2218,2217,,2216,,9058,
1241-02,SUPPORT YOKE ASS'Y,0.0726,2213,2212,2211,,2210,,14721,
1241-03,SUPPORT YOKE ASS'Y,0.0726,,,,,,,13696,
1242-01,"VALVE,PISTON",0.0296,2209,2208,2207,,,2202,,
1242-01A,VALVE PISTON,0.0296,,,,,,,9055,
1242-02,"VALVE,PISTON",0.0297,2201,2200,2199,12730,,12733,,
1246-00,INNER WASHER,0.224,2193,2192,,,,,9051,
1248-01,LIMITER ASS'Y,0.069,2190,2189,,,,,9050,
1250-03,PISTON,0.0153,2184,2183,2182,,,,9046,
1252-02,PISTON,0.01485,2178,2177,2176,,,,9044,
1252-05A,PISTON,0.01485,,,,,,,17856,
1253-00,CAM,0.01399,2172,2171,,,,,9042,
1254-00,BLOCK,0.0533,2167,2166,,,,,9039,
1256-00,DISTANCE GEAR,0.2441,2162,2161,,,,,9038,
1257-00,FIXED GEAR,0.0534,2156,2155,,,,,12712,
1258-00,MOVABLE GEAR,0.03,2148,2147,,,,,9036,
1259-00,CAM,0.01495,2143,2142,,,,,9034,
1265-01,CON-ROD,0.0268,2138,2137,2134,,,,,
1268-00,SUPPORT YOKE ASS'Y,0.0693,2132,2131,2130,,2129,,9028,
1269-00,RACK STOPPER,0.0941,2126,2125,2124,,,,9026,
1271-06,PISTON,0.064,14421,14422,14423,,,,,
1271-06A,PISTON,0.064,,,,,,14426,19652,
1274-00,PISTON,0.064,13219,13220,13221,13222,,,,
1274-01,PISTON,0.0601,2121,2120,2119,2118,,,9025,
1274-02A,PISTON,0.0601,,,,,,13194,13192,
1274-03A,PISTON,0.0601,,,,,,15017,15016,
1274-04A,PISTON,0.0601,,,,21632,,21636,,
1274-05,PISTON,0.0601,,,,,,15373,15372,
1274-06A,PISTON,0.0601,,,,,,20971,20969,
1274-07A,PISTON,0.0601,,,,,,22607,22606,
1274-08A,PISTON,0.0601,,,,,,22943,22941,
1275-00,BODY,0.0354,13343,13344,13345,,,,,
1275-01,BODY,0.0354,2115,2114,2113,,,,9024,
1275-02A,BODY,0.0354,,,,,,,13226,
1275-03A,BODY,0.0354,,,,,,,14395,
1275-04A,BODY,0.0354,,,,,,,15008,
1275-05A,BODY,0.0354,,,,,,,20833,
1275-06A,BODY,0.0354,,,,,,,20921,
1275-07A,BODY,0.0354,,,,,,,21696,
1278-00,SUPPORT YOKE ASS'Y,0.0555,2111,2110,2109,,2108,,9023,
1287-00,BODY,0.0284,2103,2102,2101,,,,,
1287-02A,BODY,0.0284,,,,,,,9019,
1287-03,BODY,0.0284,2098,2097,2096,,,,9018,
1287-04,BODY,0.029,2094,2093,2092,,,,9016,
1288-00,PISTON,0.0537,2005,2004,2003,2002,,,,
1288-01A,PISTON,0.0537,,,,,,2006,11525,
1288-02A,PISTON,0.0537,,,,,,,11535,
1288-03A,PISTON,0.0537,,,,,,,11536,
1288-04A,PISTON,0.0537,,,,,,2023,11529,
1288-05A,PISTON,0.0537,,,,,,,11534,
1288-06A,PISTON,0.0537,,,,,,2036,11532,
1288-07A,PISTON,0.0537,,,,,,2041,,
1288-08A,PISTON,0.0537,,,,,,2050,11541,
1288-09A,PISTON,0.0537,,,,,,2059,11543,
1288-10A,PISTON,0.0537,,,,,,,15123,
1288-11A,PISTON,0.0537,,,,,,,11537,
1288-13A,PISTON,0.0537,,,,,,,16109,
1288-14A,PISTON,0.0537,,,,,,2076,18057,
1288-15A,PISTON,0.0537,,,,,,2081,11528,
1288-16A,PISTON,0.0537,,,,,,2086,11527,
1289-00,PISTON,0.0472,1833,1832,1831,1830,,,,
1289-01A,PISTON,0.0472,,,,,,,12492,
1289-02A,PISTON,0.0472,,,,,,,12507,
1289-03A,PISTON,0.0472,,,,,,12528,12512,
1289-04A,PISTON,0.0472,,,,,,,12537,
1289-05A,PISTON,0.0472,,,,,,12531,12536,
1289-06A,PISTON,0.0472,,,,,,,12543,
1289-07A,PISTON,0.0472,,,,,,12570,12548,
1289-08A,PISTON,0.0472,,,,,,12578,12573,
1289-09A,PISTON,0.0472,,,,,,,12579,
1289-10A,PISTON,0.0472,,,,,,,12584,
1289-11A,PISTON,0.0472,,,,,,,12589,
1289-12A,PISTON,0.0472,,,,,,,12594,
1289-13A,PISTON,0.0472,,,,,,12605,12599,
1289-14A,PISTON,0.0472,,,,,,12613,12607,
1289-15A,PISTON,0.0472,,,,,,12620,12614,
1289-16A,PISTON,0.0472,,,,,,,12621,
1289-17A,PISTON,0.0472,,,,,,,12626,
1289-18A,PISTON,0.0472,,,,,,,12631,
1289-20A,PISTON,0.0472,,,,,,,12636,
1289-21A,PISTON,0.0472,,,,,,12646,18010,
1289-22A,PISTON,0.0472,,,,,,12652,20895,
1289-23A,PISTON,0.0472,,,,,,12659,12653,
1289-24A,PISTON,0.0472,,,,,,,12660,
1289-25A,PISTON,0.0472,,,,,,12705,12665,
1289-26A,PISTON,0.0472,,,,,,,12670,
1289-27A,PISTON,0.0472,,,,,,,12675,
1289-28A,PISTON,0.0472,,,,,,15248,12680,
1289-29A,PISTON,0.0472,,,,,,,12685,
1289-30A,PISTON,0.0472,,,,,,12696,12690,
1289-31A,PISTON,0.0472,,,,,,12703,12697,
1289-32A,PISTON,0.0472,,,,,,16705,16685,
1289-33A,PISTON,0.0472,,,,,,18280,21321,
1290-01,PILOT CASE,0.0132,17183,17182,17180,,,,17178,
1290-02,PILOT CASE,0.01275,17166,17165,17163,,,,22823,
1291-01,PILOT CASE,0.0116,17191,17190,17188,,,,23072,
1291-02,PILOT CASE,0.0112,17175,17174,17172,,,,23074,
1295-00,SHAFT SPLINE,0.0225,1795,1794,,,,,,
1296-00,PIPE SPLINE,0.0873,1792,1791,,,,,8936,
1302-00,CAM,0.0182,1786,1785,,,,,8935,
1303-00,INSERT CAM,0.0347,1781,1780,,,,,8933,
1305-00,HUB,0.012,1776,1775,,,,,23429,
1307-00,SUPPORT YOKE ASS'Y,0.0598,1772,1771,1770,,1768,,8929,
1311-01,BODY,0.0265,1765,1764,1763,,,,8927,
1312-01,VALVE PLATE,0.0515,1761,1760,,,,,,
1312-02,VALVE PLATE,0.051,1756,1755,,,,,,
1316-00,PISTON,0.125,1751,1750,1749,,,,8924,
1318-00,ROD GUIDE ASS'Y,0.0643,1746,1745,1743,,1741,,23603,
1320-00,"HUB-CLUTCH 1,2",0.1785,1738,1737,,,,,,
1321-00,"HUB-CLUTCH 3,4",0.137,1734,1733,,,,,,
1322-00,HUB-CLUTCH 5,0.1215,1730,1729,,,,,,
1323-00,ROD GUIDE ASS'Y,0.088,1726,1725,1723,,1722,,14128,
1324-00,FREE PISTON ASS'Y,0.0277,8475,8474,,,,,14237,
1325-00,WASHER,0.00803,8469,8468,,,,,,
1325-01,WASHER,0.0051,8465,8464,,,,,14238,
1328-01,PISTON,0.0624,8461,8460,8459,8457,,8453,,
1328-01A,PISTON,0.0624,,,,,,,10973,
1328-03,PISTON,0.0624,8440,8439,8438,8436,,8432,,
1328-03A,PISTON,0.0624,,,,,,,10966,
1329-00,ROD GUIDE ASS'Y,0.121,8431,8430,8428,,19899,,19898,
1336-01,BODY,0.0505,8417,8416,8415,,,,10955,
1336-02A,BODY,0.0505,,,,,,,10956,
1336-03A,BODY,0.0505,,,,,,,10957,
1336-04A,BODY,0.0505,,,,,,,10958,
1336-05A,BODY,0.0505,,,,,,,10959,
1336-06A,BODY,0.0505,,,,,,,10960,
1336-07A,BODY,0.0505,,,,,,,10961,
1336-08A,BODY,0.0505,,,,,,,10962,
1336-09A,BODY,0.0505,,,,,,,10963,
1336-10A,BODY,0.0505,,,,,,,10964,
1337-00,ROD GUIDE ASS'Y,0.1455,8413,8412,8410,,8409,,12979,
1337-01,ROD GUIDE ASS'Y,0.127,8408,8407,8405,,8404,,12977,
1338-00,ROD GUIDE,0.0587,8403,8402,8400,,,,10952,
1339-00,ROD GUIDE,0.0585,8399,8398,8396,,,,21407,
1340-00,ROD GUIDE,0.0638,8395,8394,8392,,,,20746,
1341-00,ROD GUIDE,0.0862,8391,8390,8388,,,,10949,
1342-00,VALVE PISTON,0.0292,14521,14522,14523,14524,,,,
1342-02,"VALVE,PISTON",0.0292,8387,8386,8385,12344,,8380,,
1342-03,"VALVE,PISTON",0.0286,8379,8378,8377,12338,,12339,,
1342-04,"VALVE,PISTON",0.0286,8371,8370,8369,12351,,8364,,
1342-05,"VALVE,PISTON",0.0308,12781,12782,12783,12784,,12788,,
1342-06A,VALVE PISTON,0.0308,,,,,,14529,14520,
1343-00,HUB,0.0134,11368,11369,,,,,,
1344-01,LIMITER ASS'Y,0.068,8363,8362,,,,,10945,
1344-02,LIMITER ASS'Y,0.0673,8357,8356,,,,,10944,
1345-00,HUB(PBT),0.07,8351,8350,,,,,23329,
1345-01A,HUB(RS15),0.0485,,,,,,,23327,
1347-00,FRAME P.M,0.191,8347,8346,,,,,10941,
1351-00,PISTON,0.0493,8327,8326,8325,,,,,
1351-01,PISTON,0.0493,,,,8323,,,,
1351-02,PISTON,0.0493,8319,8318,8317,8316,,8312,10936,
1351-02A,PISTON,0.0493,,,,8331,,,,
1351-03,PISTON,0.0479,8311,8310,8309,8308,,8304,10934,
1351-03A,PISTON,0.0493,,,,8336,,,,
1351-05,PISTON,0.0479,8303,8302,8301,8300,,8296,14593,
1351-05A,PISTON,0.0493,,,,8341,,8338,,
1351-06,PISTON,0.0479,8295,8294,8293,8292,,8288,10930,
1351-07,PISTON,0.0479,8287,8286,8285,8284,,8280,14596,
1352-01,PISTON,0.0437,8279,8278,8277,8267,,8263,,
1352-02,PISTON,0.0437,8262,8261,8260,8259,,8255,14599,
1352-04A,PISTON,0.0437,,11408,11407,11405,,11401,11400,
1352-06,PISTON,0.0437,8254,8253,8252,8251,,8247,14602,
1352-06A,PISTON,0.0437,,,,8275,,8271,,
1352-07,PISTON,0.0437,8246,8245,8244,8243,,8239,14607,
1352-08,PISTON,0.0437,8238,8237,8236,8235,,8231,14610,
1352-09,PISTON,0.0437,8230,8229,8228,8227,,8223,14613,
1352-10,PISTON,0.0437,8222,8221,8220,8219,,8215,14616,
1352-11,PISTON,0.0437,8214,8213,8212,8211,,8207,14619,
1352-12,PISTON,0.0437,8206,8205,8204,8203,,8199,14622,
1352-13,PISTON,0.0437,8198,8197,8196,8195,,8191,14625,
1352-15,PISTON,0.0437,8190,8189,8188,8187,,8183,14628,
1352-16,PISTON,0.0437,8182,8181,8180,8179,,8175,14631,
1352-17,PISTON,0.0437,8174,8173,8172,8171,,8167,14634,
1352-18,PISTON,0.0437,8166,8165,8164,8163,,8159,14637,
1352-19,PISTON,0.0437,8158,8157,8156,8155,,8151,14640,
1352-20,PISTON,0.0437,8150,8149,8148,8147,,8143,14643,
1352-21,PISTON,0.0437,8142,8141,8140,8139,,8135,14646,
1352-22,PISTON,0.0437,8134,8133,8132,8131,,8127,14649,
1352-23,PISTON,0.0437,8126,8125,8124,8123,,8119,14652,
1352-24,PISTON,0.0437,8118,8117,8116,8115,,8111,14655,
1352-25,PISTON,0.0437,8110,8109,8108,8107,,8103,14658,
1352-26,PISTON,0.0437,,,,,,11608,11546,
1352-27,PISTON,0.0437,,,,,,11612,11609,
1352-28,PISTON,0.0437,,,,,,13339,13337,
1352-29,PISTON,0.0437,,,,,,13342,13340,
1352-30,PISTON,0.0437,,,,,,13774,13772,
1352-31,PISTON,0.0437,,,,,,16091,16089,
1352-32,PISTON,0.0437,,,,,,19684,19682,
1352-33,PISTON,0.0437,,,,,,19882,19879,
1352-34,PISTON,0.0437,,,,,,19884,19880,
1352-35,PISTON,0.0437,,,,,,20183,20181,
1353-00,PISTON,0.0437,18145,18146,18147,18148,,,,
1353-02,PISTON,0.0437,,,,,,18152,18144,
1353-03,PISTON,0.0437,,,,,,19719,19717,
1353-04,PISTON,0.0437,,,,,,19779,19777,
1353-05,PISTON,0.0437,,,,,,19792,19790,
1353-06,PISTON,0.0437,,,,,,19945,19943,
1353-07,PISTON,0.0437,,,,,,21214,21212,
1356-01,LIMITER,0.0695,8102,8101,,,,,,
1359-00,TELES BLOCK,0.0438,8096,8095,,,,,10902,
1362-00,ROD GUIDE ASS'Y,0.0837,8074,8073,8071,,8069,,23606,
1363-00,HUB,0.008,8068,8067,,,,,23423,
1364-00,SUPPORT YOKE ASS'Y,0.0918,8064,8063,8062,,8060,,15461,
1364-01,SUPPORT YOKE ASS'Y,0.0975,8057,8056,8055,,,,14896,
1366-00,CAM,0.0315,8050,8049,,,,,,
1368-00,PISTON,0.0658,7916,7915,7914,7913,,,,
1368-01A,PISTON,0.0658,,,,,,12060,12064,
1368-03A,PISTON,0.0658,,,,,,,12713,
1368-04A,PISTON,0.0658,,,,,,7930,12071,
1368-05A,PISTON,0.0658,,,,,,,10864,
1368-06A,PISTON,0.0658,,,,,,,12718,
1368-07A,PISTON,0.0658,,,,,,12075,12073,
1368-08A,PISTON,0.0658,,,,,,7956,12047,
1368-09A,PISTON,0.0658,,,,,,,12048,
1368-10A,PISTON,0.0658,,,,,,,12036,
1368-11A,PISTON,0.0658,,,,,,7973,12035,
1368-12A,PISTON,0.0658,,,,,,,12024,
1368-13A,PISTON,0.0658,,,,,,,12019,
1368-14A,PISTON,0.0658,,,,,,7986,,
1368-15A,PISTON,0.0658,,,,,,12018,19544,
1368-16A,PISTON,0.0658,,,,,,7996,19545,
1368-17A,PISTON,0.0658,,,,,,11965,12007,
1368-18A,PISTON,0.0658,,,,,,,12002,
1368-19A,PISTON,0.0658,,,,,,8009,20802,
1368-20A,PISTON,0.0658,,,,,,8014,14789,
1368-21A,PISTON,0.0658,,,,,,8023,11989,
1368-22A,PISTON,0.0658,,,,,,8032,11982,
1368-23A,PISTON,0.0658,,,,,,8041,11975,
1368-24A,PISTON,0.0658,,,,,,11259,11957,
1368-25A,PISTON,0.0658,,,,,,11618,11947,
1368-26A,PISTON,0.0658,,,,,,12905,20896,
1368-27A,PISTON,0.0658,,,,,,12907,20897,
1368-28A,PISTON,0.0658,,,,,,,13170,
1368-29A,PISTON,0.0658,,,,,,14408,14406,
1368-30A,PISTON,0.0658,,,,,,14557,14552,
1369-01,BODY,0.0339,7908,7907,7906,,,,10858,
1371-01,PISTON,0.0354,7904,7903,7902,11791,,11793,,
1371-02,PISTON,0.0347,7896,7895,7894,11785,,11787,,
1371-03,VALVE PISTON,0.0347,,,,,,14340,14332,
1375-00,BODY,0.0412,7888,7887,7886,,,,10853,
1376-00,BODY,0.0794,7884,7883,7882,,,,10852,
1378-00,ROD GUIDE,0.294,7880,7879,7877,,,,10851,
1379-00,CAM,0.01825,7874,7873,,,,,10850,
1382-00,SUPPORT YOKE ASS'Y,0.0565,7869,7868,7867,,7865,,15243,
1383-00,PISTON,0.0365,18618,18619,18620,18621,,,,
1383-01,PISTON,0.0365,7861,7860,7859,7858,,19851,10847,
1383-02,PISTON,0.0364,7855,7854,7853,7852,,,10845,
1383-03A,PISTON,0.0364,,,,,,,10848,
1383-04A,PISTON,0.0364,,,,,,19852,17877,
1386-01,PISTON,0.0522,7849,7848,7847,7846,,7842,,
1386-02,PISTON,0.0659,7841,7840,7839,7838,,7834,14567,
1386-03,PISTON,0.0522,7833,7832,7831,7830,,7826,14570,
1386-04,PISTON,0.0522,7825,7824,7823,7822,,7818,14572,
1386-05,PISTON,0.0522,7817,7816,7815,7814,,7810,14575,
1386-06,PISTON,0.0522,7809,7808,7807,7806,,7802,14578,
1386-07,PISTON,0.0522,7801,7800,7799,7798,,7794,14581,
1386-08,PISTON,0.052,7793,7792,7791,7790,,7786,14584,
1386-09,PISTON,0.0522,7785,7784,7783,7782,,14589,14587,
1386-10,PISTON,0.0522,7777,7776,7775,7774,,7770,14590,
1387-00,TILT CAM,0.0216,7769,7768,,,,,10834,
1387-01,TILT CAM,0.0216,7764,7763,,,,,11606,
1387-03,TILT CAM,0.0216,7759,7758,,,,,10831,
1388-00,INSERT CAM,0.0366,7754,7753,,,,,,
1388-01,INSERT CAM,0.037,7749,7748,,,,,10828,
1389-00,CAM,0.0162,7744,7743,,,,,10827,
1390-01,PISTON,0.0341,7739,7738,7737,7736,,,10824,
1391-00,ROD GUIDE ASS'Y,0.086,7732,7731,7729,,7728,,10823,
1395-00,MOTOR PINION,0.00179,7727,7726,,,,,,
1396-00,1ST STAGE GEAR,0.0159,7722,7721,,,,,,
1397-01,PISTON,0.0606,7714,7713,7712,21512,,21511,21477,
1397-01A,PISTON,0.0606,,,,,,,10818,
1397-02,PISTON,0.0606,,,,,,7715,,
1397-02A,PISTON,0.0606,,,,,,,10819,
1400-01,BODY,0.0282,7704,7703,7702,,,,10817,
1401-00,LIMITER ASS'Y,0.073,7701,7700,,,,,10815,
1401-01,LIMITER ASS'Y,0.073,,,,,,,14723,
1406-00,HUB,0.313,7689,7688,7687,,,,10813,
1408-01,PISTON,0.0908,7685,7684,7683,,,7680,,
1408-01A,PISTON,0.0908,,,,,,,10812,
1408-03A,PISTON,0.0908,7679,7678,7677,,,7674,10811,
1409-00,PISTON,0.0615,11572,11573,11574,,,,,
1409-02A,PISTON,0.0615,7673,7672,7671,,,7668,10810,
1409-03A,PISTON,0.0615,7667,7666,7665,,,7662,10809,
1409-04A,PISTON,0.0615,7661,7660,7659,,,7656,10808,
1411-02,PISTON,0.0406,7655,7654,7653,7652,,,10807,
1412-02,BODY,0.0282,7649,7648,7647,,,,,
1412-03,BODY,0.0282,7645,7644,7643,,,,,
1412-03A,BODY,0.0282,7641,7640,7639,,,,,
1412-04A,BODY,0.0282,7636,7635,7634,,,,,
1412-05,BODY,0.0282,7631,7630,7629,,,,12706,
1412-05A,BODY,0.0282,7627,7626,7625,,,,,
1412-06,BODY,0.0282,7622,7621,7620,,,,,
1412-07,BODY,0.0282,7618,7617,7616,,,,,
1412-08,BODY,0.0288,11848,11849,11850,,,,15307,
1412-09,BODY,0.0288,15671,15672,15673,,,,,
1412-10,BODY,0.0288,13963,13964,13965,,,,,
1412-15A,BODY,0.0288,,,,,,,14763,
1412-17A,BODY,0.0288,,,,,,,15426,
1415-00,CHECK VALVE BODY,0.01308,7614,7613,,,,,,
1416-00,ROD GUIDE,0.2575,7609,7608,7606,,,,10794,
1417-00,HUB,0.0185,11366,11367,,,,,,
1424-00,INSERT CAM,0.0356,7603,7602,,,,,10793,
1427-00,PISTON,0.0196,1720,1719,1718,,,,,
1427-01A,PISTON,0.0196,,,,,,,10792,
1428-00,BODY,0.0204,7595,7594,7593,,,,,
1428-01,BODY,0.0204,7589,7588,7587,,,,10790,
1429-01,PISTON,0.0383,7583,7582,7581,7580,,7569,10788,
1430-01,BODY,0.02737,7568,7567,7566,,,,21889,
1430-02,BODY,0.0283,7564,7563,7562,,,,10785,
1430-03,BODY,0.0283,7559,7558,7557,,,,10783,
1430-04,BODY,0.0278,7554,7553,7552,,,,10779,
1430-05,BODY,0.0281,7550,7549,7548,,,,10777,
1430-06A,BODY,0.0281,,,,,,,22464,
1430-07,BODY,0.0281,22513,22514,22515,,,,22512,
1435-00,HUB,0.0095,7546,7545,,,,,,
1437-00,TONE WHEEL,0.2382,7542,7541,7540,,,,10774,
1440-01A,PISTON,0.0624,,,,,,20199,20197,
1440-02,PISTON,0.0624,,,,,,,10968,
1440-02A,PISTON,0.0624,,,,,,8443,,
1440-03,PISTON,0.0624,,,,,,,10969,
1440-03A,PISTON,0.0624,,,,,,8445,,
1440-04,PISTON,0.0624,,,,,,,10970,
1440-04A,PISTON,0.0624,,,,,,8447,,
1440-05,PISTON,0.0624,,,,,,,10971,
1440-05A,PISTON,0.0624,,,,,,8449,,
1440-06,PISTON,0.0624,,,,,,,10972,
1440-06A,PISTON,0.0624,,,,,,8451,,
1441-01,PISTON,0.0342,7536,7535,7534,7533,,7529,10773,
1442-00,TILT CAM,0.01945,7528,7527,,,,,10772,
1443-00,INSERT CAM,0.0408,7523,7522,,,,,10770,
1444-00,CON-ROD,0.0264,7518,7517,7514,,,,,
1446-00,BODY,0.0277,16228,16229,16230,,,,21885,
1446-01,BODY,0.0277,7510,7509,7508,,,,21803,
1446-02,BODY,0.0273,6287,6286,6285,,,,22653,
1446-03A,BODY,0.0273,,,,,,,19556,
1446-04A,BODY,0.0273,,,,,,,18652,
1446-05A,BODY,0.0273,,,,,,,16726,
1446-06A,BODY,0.0273,,,,,,,16727,
1446-07A,BODY,0.0273,,,,,,,17831,
1446-08A,BODY,0.0273,,,,,,,20929,
1446-09A,BODY,0.0273,,,,,,,18220,
1446-10A,BODY,0.0273,,,,,,,19935,
1446-11A,BODY,0.0273,,,,,,,21309,
1447-00,SLIP CAP,0.00384,6283,6282,,,,,10326,
1450-00,ROD GUIDE ASS'Y,0.091,6278,6277,6275,,6274,,10325,
1452-01,UPPER RETAINER,0.0855,6272,6271,6270,,,,10324,
1456-01A,PISTON,0.0342,,,,2390,,2386,9089,
1457-00,SUPPORT YOKE ASS'Y,0.0696,6266,6265,6264,,,,14887,
1459-00,Cyl. Head P.M.,0.1815,6259,6258,,,,,,
1461-01,PISTON,0.0448,6254,6253,6252,6251,,6240,10319,
1462-00,ROD GUIDE ASS'Y,0.055,6239,6238,6236,,6235,,10317,
1463-01,IMPELLER 400HF,0.198,14280,14281,,,,,,
1463-02,IMPELLER 600HF,0.2034,14283,14284,,,,,,
1464-00,PULLEY,0.078,,,6232,,,,,
1466-00,PINION GEAR,0.002,6228,6227,,,,,,
1467-00,CAM,0.0149,6226,6225,,,,,13319,
1468-00,HUB(SANDEN),0.07,6221,6220,,,,,10310,
1469-01,CAM,0.1649,6217,6216,,,,,10309,
1469-02,CAM,0.2511,6212,6211,,,,,10308,
1470-01,ROTOR,0.1148,6207,6206,,,,,10307,
1470-02,ROTOR,0.1765,6202,6201,,,,,10306,
1471-00,SUB BODY,0.0156,6197,6196,,,,,,
1471-01,SUB BODY,0.0156,6189,6188,11422,,,,10302,
1471-02,SUB BODY,0.0156,12102,12103,12104,,,,12101,
1471-03A,SUB BODY,0.0156,,,,,,,10304,
1472-00,SLIP CAP,0.00322,6184,6183,,,,,10300,
1473-00,PISTON,0.0227,6179,6178,6177,,,,10299,
1474-00,GUIDE,0.00318,6174,6173,,,,,10298,
1476-00,ROD GUIDE ASS'Y,0.101,6169,6168,6166,,6164,,10297,
1477-00,PISTON,0.0337,6163,6162,6161,6160,,11510,,
1479-00,PISTON,0.0298,6156,6155,6154,6153,,6142,10295,
1481-01,RS RETAINER,0.0095,6135,6134,6133,,,,10287,
1481-02A,RS RETAINER,0.0095,,,,,,,10288,
1481-03A,RS RETAINER,0.0095,,,,,,,10289,
1481-04A,RS RETAINER,0.0095,,,,,,,10290,
1481-05A,RS RETAINER,0.0095,,,,,,,10291,
1481-06A,RS RETAINER,0.0095,,,,,,,10292,
1481-07A,RS RETAINER,0.0095,,,,,,,10293,
1482-01,PISTON,0.0379,6130,6129,6128,6127,,6123,,
1482-02,PISTON,0.0377,6122,6121,6120,6119,,6115,,
1483-00,SUPPORT YOKE ASS'Y,0.0696,6114,6113,6112,,6110,,15082,
1484-00,MAIN RETAINER,0.043,6068,6067,6066,,,,,
1484-01A,MAIN RETAINER,0.043,,,,,,,10269,
1484-02A,MAIN RETAINER,0.043,,,,,,,10270,
1484-03A,MAIN RETAINER,0.043,,,,,,,10271,
1484-04A,MAIN RETAINER,0.043,,,,,,,10272,
1484-05A,MAIN RETAINER,0.043,,,,,,,10273,
1484-06A,MAIN RETAINER,0.043,,,,,,,10274,
1484-07A,MAIN RETAINER,0.043,,,,,,,10275,
1484-08A,MAIN RETAINER,0.043,,,,,,,10276,
1484-09A,MAIN RETAINER,0.043,,,,,,,10277,
1484-10A,MAIN RETAINER,0.043,,,,,,,10278,
1484-11A,MAIN RETAINER,0.043,,,,,,,10279,
1484-12A,MAIN RETAINER,0.043,,,,,,,10280,
1484-13A,MAIN RETAINER,0.043,,,,,,,10281,
1484-14A,MAIN RETAINER,0.043,,,,,,,10282,
1484-15A,MAIN RETAINER,0.043,,,,,,,14353,
1484-16A,MAIN RETAINER,0.043,,,,,,,14354,
1484-17A,MAIN RETAINER,0.043,,,,,,,14397,
1484-18A,MAIN RETAINER,0.043,,,,,,,14747,
1484-19A,MAIN RETAINER,0.043,,,,,,,15321,
1484-20A,MAIN RETAINER,0.043,,,,,,,15322,
1484-21A,MAIN RETAINER,0.043,,,,,,,15598,
1484-22A,MAIN RETAINER,0.043,,,,,,,15951,
1485-00,LVC RETAINER,0.038,6062,6061,6060,,,,10268,
1486-00,ROD GUIDE ASS'Y,0.1114,6056,6055,6053,,6052,,11554,
1487-00,ROD GUIDE ASS'Y,0.1205,6049,6048,6046,,6045,,11555,
1496-00,TONE WHEEL,0.0792,6042,6041,6040,,,,19258,
1501-01,CYLINDER END,0.04395,6036,6035,6034,,,,,
1502-01,PISTON,0.0564,6032,6031,6030,,,,,
1504-00,PISTON,0.048,6029,6028,6027,6026,,6022,10261,
1505-00,ROD GUIDE ASS'Y,0.133,13760,13761,13763,,13764,,14775,
1506-00,ROD GUIDE ASS'Y,0.098,13766,13767,13769,,13770,,14779,
1507-16,BASE VALVE,0.0216,6021,6020,6019,,,,10260,
1507-21,BASE VALVE,0.0216,14500,14501,14502,,,,14499,
1508-00,SUPPORT YOKE ASS'Y,0.0957,6016,6015,6014,,6012,,14958,
1509-00,SPANNER NUT,0.079,6009,6008,,,,,18720,
1510-00,PULLEY LARGE,0.247,,,6002,,,,,
1511-00,COM NUT SPANNER,0.099,5998,5997,,,,,10251,
1513-00,GUIDE,0.0297,5992,5991,,,,,10248,
1514-00,GUIDE RETAINER,0.0062,5987,5986,5984,,,,10247,
1518-01,PISTON,0.0352,5982,5981,5980,5979,,5975,10246,
152-05,ROD GUIDE ASS'Y,0.271,2884,2883,2881,,2880,,,
152-06,ROD GUIDE ASS'Y,0.271,2879,2878,2876,,2875,,,
152-07,ROD GUIDE ASS'Y,0.271,2874,2873,2871,,2870,,,
152-08,ROD GUIDE ASS'Y,0.271,2869,2868,2866,,2865,,12968,
1521-00,SUPPORT YOKE ASS'Y,0.072,5967,5966,5965,,5963,,21005,
1521-01,SUPPORT YOKE ASS'Y,0.072,5974,5973,5972,,5970,,10245,
1522-00,ROD,0.2295,5960,5959,5958,,,,21386,
1523-00,TONE WHEEL,0.0792,15865,15866,15868,,,,15864,
1524-00,PISTON,0.0621,5956,5955,5954,5953,,,,
1524-01A,PISTON,0.0621,,,,,,5948,10242,
1525-00,BODY,0.0606,5927,5926,5925,,,,,
1525-01A,BODY,0.0606,,,,,,,10231,
1525-02A,BODY,0.0606,,,,,,,10232,
1525-03A,BODY,0.0606,,,,,,,10233,
1525-04A,BODY,0.0606,,,,,,,10234,
1525-05A,BODY,0.0606,,,,,,,10235,
1525-06A,BODY,0.0606,,,,,,,10236,
1525-07A,BODY,0.0606,,,,,,,10237,
1525-08A,BODY,0.0606,,,,,,,10238,
1525-09A,BODY,0.0606,,,,,,,10239,
1525-10A,BODY,0.0606,,,,,,,10240,
1525-11A,BODY,0.0606,,,,,,,13954,
1526-00,ROD GUIDE,0.0928,5921,5920,5918,,,,10230,
1527-00,ROD GUIDE ASS'Y,0.078,5917,5916,5914,,5913,,10228,
1529-01,BODY,0.0299,5912,5911,5910,,,,10227,
1530-01,PISTON,0.042,5907,5906,5905,5904,,,10225,
1530-02A,PISTON,0.042,,,,,,,18676,
1530-03A,PISTON,0.042,,,,,,,18677,
1530-04A,PISTON,0.042,,,,,,,18678,
1530-05A,PISTON,0.042,,,,,,,18501,
1530-06A,PISTON,0.042,,,,,,,20739,
1530-50,PISTON,0.042,14845,14846,14847,14848,,,,
1531-00,ROD GUIDE ASS'Y,0.1175,5901,5900,5898,,5897,,20910,
1532-01,Base Valve,0.0411,11808,11809,11810,,,,18380,
1533-01,PISTON,0.037,13424,13425,13426,,,13431,,
1533-01A,PISTON,0.037,,,,,,,18381,
1536-00,SUPPORT YOKE ASS'Y,0.074,5896,5895,5894,,,,20353,
1540-01,IMPELLER 750HF,0.342,14250,14251,,,,,,
1540-02,IMPELLER 900HF,0.365,14287,14288,,,,,,
1541-00,MOTOR BOSS,0.0241,11677,11678,,,,,11676,
1546-00,PISTON,0.037,16093,16094,16095,21710,,21714,21709,
1546-00A,PISTON,0.037,,,,,,16101,18512,
1547-00,TILT CAM,0.0302,5892,5891,,,,,10222,
1548-00,CAM,0.0445,5887,5886,,,,,10221,
1550-01,PISTON,0.0372,5882,5881,5880,5879,,5876,10218,
1551-01,BODY,0.0275,5875,5874,5873,,,,10216,
1551-02A,BODY,0.0275,,,,,,,13307,
1553-00,RS RETAINER,0.0081,5871,5870,5869,,,,10215,
1554-00,RS RETAINER,0.0103,17613,17612,17611,,,,,
1554-01A,RS RETAINER,0.0103,,,,,,,18745,
1554-02,RS RETAINER,0.0103,17696,17695,17694,,,,22947,
1554-03,RS RETAINER,0.0103,17823,17822,17821,,,,23018,
1554-05A,RS RETAINER,0.0103,,,,,,,17617,
1554-06A,RS RETAINER,0.0103,,,,,,,20358,
1554-07,RS RETAINER,0.0103,17583,17582,17581,,,,22901,
1554-08,RS RETAINER,0.0103,18424,18425,18426,,,,23007,
1554-09,RS RETAINER,0.0103,17701,17700,17699,,,,23669,
1554-10,RS RETAINER,0.0103,17706,17705,17704,,,,23613,
1554-11,RS RETAINER,0.0103,17758,17757,17756,,,,23068,
1554-12A,RS RETAINER,0.0103,,,,,,,17629,
1554-13A,RS RETAINER,0.0103,,,,,,,19058,
1554-14,RS RETAINER,0.0103,17763,17762,17761,,,,18854,
1554-15A,RS RETAINER,0.0103,,,,,,,18371,
1554-16,RS RETAINER,0.0103,17588,17587,17586,,,,23715,
1554-17,RS RETAINER,0.0103,17768,17767,17766,,,,18746,
1554-18,RS RETAINER,0.0103,17773,17772,17771,,,,22905,
1554-19,RS RETAINER,0.0103,17778,17777,17776,,,,23771,
1554-20A,RS RETAINER,0.0103,,,,,,,18169,
1554-21A,RS RETAINER,0.0103,,,,,,,23125,
1554-22A,RS RETAINER,0.0103,,,,,,,18328,
1554-23,RS RETAINER,0.0103,17783,17782,17781,,,,23315,
1554-24A,RS RETAINER,0.0103,,,,,,,18330,
1554-25A,RS RETAINER,0.0103,,,,,,,18002,
1554-26,RS RETAINER,0.0103,17593,17592,17591,,,,22937,
1554-27,RS RETAINER,0.0103,17788,17787,17786,,,,17733,
1554-28A,RS RETAINER,0.0103,,,,,,,17642,
1554-29A,RS RETAINER,0.0103,,,,,,,23274,
1554-30A,RS RETAINER,0.0103,,,,,,,22509,
1554-31,RS RETAINER,0.0103,17793,17792,17791,,,,22907,
1554-32A,RS RETAINER,0.0103,,,,,,,17657,
1554-33,RS RETAINER,0.0103,17798,17797,17796,,,,18855,
1554-34A,RS RETAINER,0.0103,,,,,,,17658,
1554-35,RS RETAINER,0.0103,17803,17802,17801,,,,17740,
1554-36A,RS RETAINER,0.0103,,,,,,,17660,
1554-37A,RS RETAINER,0.0103,,,,,,,17662,
1554-38,RS RETAINER,0.0103,17808,17807,17806,,,,18015,
1554-39,RS RETAINER,0.0103,17813,17812,17811,,,,17742,
1554-40,RS RETAINER,0.0103,17818,17817,17816,,,,17743,
1554-41A,RS RETAINER,0.0103,,,,,,,18334,
1554-43,RS RETAINER,0.0103,21528,21529,21530,,,,21695,
1554-44A,RS RETAINER,0.0103,,,,,,,18726,
1554-45A,RS RETAINER,0.0103,,,,,,,17666,
1554-47A,RS RETAINER,0.0103,,,,,,,18160,
1555-00,PISTON,0.0432,12161,12162,12163,12164,,12168,,
1557-00,"WHEEL SENSOR, INPUT",0.087,22786,22787,22788,,,,22784,
1558-00,"WHEEL SENSOR, INPUT",0.0735,22791,22792,22793,,,,22790,
1559-00,CAM,0.038,11669,11670,,,,,12711,
1561-00,ROD GUIDE ASS'Y,0.169,5858,5857,5855,,5854,,13955,
1564-00,TONE WHEEL,0.232,13417,13418,13419,,,,13416,
1565-00,PISTON,0.075,5824,5823,5822,11399,,,,
1565-01A,PISTON,0.075,,,,,,12795,12789,
1565-02A,PISTON,0.075,,,,,,,14915,
1565-03A,PISTON,0.075,,,,,,5838,12827,
1565-04A,PISTON,0.075,,,,,,,12836,
1565-05A,PISTON,0.075,,,,,,,15507,
1565-06A,PISTON,0.075,,,,,,,15654,
1565-07A,PISTON,0.075,,,,,,16703,16683,
1565-08A,PISTON,0.075,,,,,,16704,16684,
1565-09A,PISTON,0.075,,,,,,17872,17867,
1565-10A,PISTON,0.075,,,,,,17863,22830,
1565-11A,PISTON,0.075,,,,,,18282,20803,
1566-00,BODY,0.044,5814,5813,5812,,,,,
1566-01,BODY,0.044,14018,14019,14020,,,,14034,
1566-02A,BODY,0.044,,,,,,,10201,
1566-03A,BODY,0.044,,,,,,,14912,
1567-00,ROD GUIDE ASS'Y,0.1082,5808,5807,5805,,5804,,19716,
1572-02,PISTON,0.0425,5803,5802,5801,,,,10195,
1572-03,PISTON,0.042,5798,5797,5796,,,,10194,
1573-01,PISTON,0.038,5793,5792,5791,,,,10193,
1581-00,BODY,0.0306,14023,14024,14025,,,,,
1581-01,BODY,0.0306,5788,5787,5786,,,,10192,
1581-02A,BODY,0.0306,,,,,,,14022,
1581-03A,BODY,0.0306,,,,,,,14359,
1581-04A,BODY,0.0306,,,,,,,15147,
1581-05A,BODY,0.0306,,,,,,,20744,
1581-06A,BODY,0.0306,,,,,,,20923,
1583-00,ROD GUIDE ASS'Y,0.093,5783,5782,5780,,5779,,10191,
1584-01,PISTON,0.0364,5778,5777,5776,5775,,5771,,
1584-01A,PISTON,0.0364,,,,,,,10190,
1585-01,BODY,0.0364,5770,5769,5768,,,,10189,
1586-00,HUB,0.0203,11591,11592,,,,,,
1587-00,PISTON,0.068,5759,5758,5757,,,,,
1587-01A,PISTON,0.068,,,,,,5753,18968,
1587-02A,PISTON,0.068,,,,,,5760,18969,
1587-03,PISTON,0.068,18759,18760,18761,,,18765,,
1587-03A,PISTON,0.068,,,,,,5764,18757,
1587-04,PISTON,0.068,18766,18767,18768,,,18772,,
1587-04A,PISTON,0.068,,,,,,16285,18758,
1587-05A,PISTON,0.068,,,,,,16289,18970,
1587-06A,PISTON,0.068,,,,,,16293,16279,
1587-07A,PISTON,0.068,,,,,,16297,16280,
1587-08A,PISTON,0.068,,,,,,16301,18971,
1588-02A,PISTON,0.068,,,,,,,13078,
1588-03A,PISTON,0.068,,,,,,,13079,
1588-04A,PISTON,0.068,,,,,,,13080,
1588-05A,PISTON,0.068,,,,,,,13081,
1588-06A,PISTON,0.068,,,,,,,10126,
1589-00,"REB,RETAINER",0.032,13753,13754,13755,,,,,
1589-01A,"REB,RETAINER",0.032,,,,,,,13752,
1589-02A,"REB,RETAINER",0.032,,,,,,,13776,
1589-03A,"REB,RETAINER",0.032,,,,,,,13913,
1589-04A,"REB,RETAINER",0.032,,,,,,,15950,
1589-05A,"REB,RETAINER",0.032,,,,,,,16485,
1590-01,BODY,0.0291,5747,5746,5745,,,,15260,
1590-02,BODY,0.0291,12108,12109,12110,,,,23773,
1590-03,BODY,0.0291,12114,12115,12116,,,,22631,
1590-04,BODY,0.0291,15445,15446,15447,,,,18163,
1590-05,BODY,0.0291,18191,18192,18193,,,,18195,
1590-06A,BODY,0.0291,,,,,,,18728,
1590-07A,BODY,0.0291,,,,,,,22979,
1590-08,BODY,0.0291,5742,5741,5740,,,,23627,
1590-09,BODY,0.0291,5739,5738,5737,,,,18405,
1590-10A,BODY,0.0291,,,,,,,18406,
1590-11A,BODY,0.0291,,,,,,,18407,
1590-12A,BODY,0.0291,,,,,,,13974,
1590-13A,BODY,0.0291,,,,,,,22632,
1590-14,BODY,0.0291,15402,15403,15404,,,,15400,
1590-15,BODY,0.0291,15406,15407,15408,,,,15401,
1590-16A,BODY,0.0291,,,,,,,15430,
1590-17A,BODY,0.0291,,,,,,,16120,
1590-18A,BODY,0.0291,,,,,,,19311,
1590-21,BODY,0.0291,18472,18473,18474,,,,21327,
1590-22A,BODY,0.0291,,,,,,,19455,
1598-00,INSERT CAM,0.046,11206,11207,,,,,11205,
1598-01,INSERT CAM,0.046,22826,22827,,,,,22825,
1599-00,REACTION BLOCK,0.555,13366,5723,13368,,,,,
1599-01A,REACTION BLOCK,0.555,,,,,,,17978,
1599-02A,REACTION BLOCK,0.555,,,,,,,22833,
1599-03A,REACTION BLOCK,0.555,,,,,,,22467,
1599-04A,REACTION BLOCK,0.555,,,,,,,22411,
1599-05,REACTION BLOCK,0.555,22750,22749,,,,,,
1599-05A,REACTION BLOCK,0.555,,,,,,,22733,
1599-06A,REACTION BLOCK,0.555,,,,,,,22734,
1599-07A,REACTION BLOCK,0.555,,,,,,,22735,
1600-00,HUB CIRCULAR,0.0205,11694,11695,11696,,,,,
1606-00,LIMITER ASS'Y,0.0685,13483,13484,,,,,16606,
1607-00,PISTON,0.0347,11318,11319,11320,11321,,11326,11308,
1608-00,PISTON,0.0305,11312,11313,11314,11315,,11327,11309,
1609-00,PISTON,0.0485,13184,13185,13186,13187,,13191,,
1610-00,"REB,RETAINER",0.0095,11297,11298,11299,,,,,
1610-02,RS RETAINER,0.0095,14077,14078,14079,,,,14239,
1610-03A,RS RETAINER,0.0095,,,,,,,11294,
1610-04,RS RETAINER,0.0095,14083,14084,14085,,,,14082,
1610-05A,RS RETAINER,0.0095,,,,,,,23499,
1610-06A,RS RETAINER,0.0095,,,,,,,18356,
1610-07A,RS RETAINER,0.0095,,,,,,,18344,
1610-08A,RS RETAINER,0.0095,,,,,,,12897,
1610-09A,RS RETAINER,0.0095,,,,,,,18730,
1610-10A,RS RETAINER,0.0095,,,,,,,18310,
1610-11A,RS RETAINER,0.0095,,,,,,,23500,
1611-00,"REB,RETAINER",0.0083,11288,11289,11290,,,,13275,
1612-00,SDC Piston,0.0375,11700,11701,11702,,,,11699,
1613-01,BODY,0.0302,20447,20448,15089,,,,20475,
1613-02A,BODY,0.0302,,,,,,,20476,
1613-03A,BODY,0.0302,,,,,,,22984,
1613-04A,BODY,0.0302,,,,,,,23704,
1613-05,BODY,0.0302,18197,18198,18199,,,,22987,
1615-01,BODY,0.024,5704,5703,5702,,,,10167,
1622-01,SUPPORT YOKE ASS'Y,0.0585,16426,16427,16428,,,,16425,
1625-00,COM NUT SPANNER,0.103,16182,16183,16186,,,,,
1630-00,"REB,RETAINER",0.0071,13007,13008,13009,,,,,
1630-02A,RS RETAINER,0.0071,,,,,,,14943,
1630-03A,RS RETAINER,0.0071,,,,,,,13012,
1630-04A,RS RETAINER,0.0071,,,,,,,13014,
1630-05A,RS RETAINER,0.0071,,,,,,,13016,
1630-06A,RS RETAINER,0.0071,,,,,,,23272,
1630-07,RS RETAINER,0.0071,14203,14204,14205,,,,20376,
1630-08,RS RETAINER,0.0071,21402,21403,21404,,,,23799,
1630-09A,RS RETAINER,0.0071,,,,,,,20822,
1630-10A,RS RETAINER,0.0071,,,,,,,19559,
1630-11A,RS RETAINER,0.0071,,,,,,,14757,
1630-12A,RS RETAINER,0.0071,,,,,,,14758,
1630-13A,RS RETAINER,0.0071,,,,,,,15022,
1631-00,PISTON,0.0278,13032,13033,13034,13240,,13244,,
1634-00,RS RETAINER,0.0128,17295,17294,17293,,,,,
1634-02,RS RETAINER,0.0128,17385,17384,17383,,,,23011,
1634-03A,RS RETAINER,0.0128,,,,,,,18006,
1634-04,RS RETAINER,0.0128,17256,17255,17254,,,,17250,
1634-05,RS RETAINER,0.0128,17390,17389,17388,,,,23496,
1634-06,RS RETAINER,0.0128,17395,17394,17393,,,,17677,
1634-07A,RS RETAINER,0.0128,,,,,,,17262,
1634-08A,RS RETAINER,0.0128,,,,,,,23270,
1634-09A,RS RETAINER,0.0128,,,,,,,18312,
1634-10,RS RETAINER,0.0128,17400,17399,17398,,,,20898,
1634-11A,RS RETAINER,0.0128,,,,,,,23202,
1634-12,RS RETAINER,0.0128,17405,17404,17403,,,,17368,
1634-13A,RS RETAINER,0.0128,,,,,,,23203,
1634-14,RS RETAINER,0.0128,17228,17227,17226,,,,22912,
1634-15A,RS RETAINER,0.0128,,,,,,,18751,
1634-16A,RS RETAINER,0.0128,,,,,,,17273,
1634-17A,RS RETAINER,0.0128,,,,,,,19013,
1634-18A,RS RETAINER,0.0128,,,,,,,17276,
1634-19,RS RETAINER,0.0128,17410,17409,17408,,,,23041,
1634-20,RS RETAINER,0.0128,17415,17414,17413,,,,23615,
1634-21,RS RETAINER,0.0128,17420,17419,17418,,,,19243,
1634-22,RS RETAINER,0.0128,17238,17237,17236,,,,17218,
1634-23,RS RETAINER,0.0128,17425,17424,17423,,,,17371,
1634-24A,RS RETAINER,0.0128,,,,,,,17277,
1634-25,RS RETAINER,0.0128,17430,17429,17428,,,,23770,
1634-26,RS RETAINER,0.0128,17435,17434,17433,,,,23796,
1634-27,RS RETAINER,0.0128,17440,17439,17438,,,,17380,
1634-28A,RS RETAINER,0.0128,,,,,,,18346,
1634-29,RS RETAINER,0.0128,17445,17444,17443,,,,23204,
1634-30,RS RETAINER,0.0128,17332,17331,17330,,,,23628,
1634-31A,RS RETAINER,0.0128,,,,,,,17280,
1634-32,RS RETAINER,0.0128,17450,17449,17448,,,,23205,
1634-33A,RS RETAINER,0.0128,,,,,,,18369,
1634-34,RS RETAINER,0.0128,17233,17232,17231,,,,21337,
1634-35A,RS RETAINER,0.0128,,,,,,,17222,
1634-36A,RS RETAINER,0.0128,,,,,,,17223,
1634-37A,RS RETAINER,0.0128,,,,,,,23206,
1634-38,RS RETAINER,0.0128,17455,17454,17453,,,,17375,
1634-39A,RS RETAINER,0.0128,,,,,,,17287,
1634-40A,RS RETAINER,0.0128,,,,,,,17376,
1634-41,RS RETAINER,0.0128,17460,17459,17458,,,,19707,
1634-42A,RS RETAINER,0.0128,,,,,,,17251,
1634-43,RS RETAINER,0.0128,17465,17464,17463,,,,19653,
1634-44,RS RETAINER,0.0128,17470,17469,17468,,,,21645,
1634-45A,RS RETAINER,0.0128,,,,,,,17288,
1634-46A,RS RETAINER,0.0128,,,,,,,18850,
1634-47A,RS RETAINER,0.0128,,,,,,,17290,
1634-48,RS RETAINER,0.0128,17475,17474,17473,,,,19150,
1634-49A,RS RETAINER,0.0128,,,,,,,23614,
1634-50A,RS RETAINER,0.0128,,,,,,,18393,
1634-51A,RS RETAINER,0.0128,,,,,,,18395,
1635-00,PISTON,0.0578,13041,13042,13043,13246,,13250,,
1636-00,PISTON,0.0573,12184,12185,12186,12187,,12191,,
1636-02,PISTON,0.0573,15179,15180,15181,15182,,14828,,
1636-03,PISTON,0.0573,21026,21027,21028,21029,,21033,,
1637-00,PISTON,0.046,16501,16502,16504,,,,,
1637-00A,PISTON,0.046,,,,,,16509,16500,
1640-00,BODY,0.0463,15586,15587,15588,,,,,
1640-01,BODY,0.0463,15582,15583,15584,,,,15580,
1640-02A,BODY,0.0463,,,,,,,15581,
1640-03,BODY,0.0463,17836,17837,17838,,,,23035,
1641-01,ROD GUIDE ASS'Y,0.14,16574,16575,16577,,16578,,16573,
1644-00,PISTON,0.057,13734,13735,13736,13737,,13740,,
1644-02,PISTON,0.057,,,,,,22276,22275,
1645-01,PISTON,0.0363,13294,13295,13296,,,,13293,
1645-02A,PISTON,0.0363,,,,,,,13299,
1646-00,BODY,0.025,5700,5699,5698,,,,,
1646-01A,BODY,0.025,,,,,,,10166,
1646-02,BODY,0.025,14098,14099,14100,,,,14093,
1646-03A,BODY,0.025,,,,,,,13168,
1653-00,TILT CAM,0.0256,,,,,,,11683,
1653-01,TILT CAM,0.0256,22840,22841,,,,,22839,
1654-00,PISTON,0.035,16404,16405,16407,21718,,21722,21715,
1654-00A,PISTON,0.035,,,,,,16412,18030,
1655-00,PISTON,0.035,16394,16395,16397,19969,,19973,19967,
1655-00A,PISTON,0.035,,,,,,16402,,
1656-00,BASE VALVE,0.0308,16469,16470,16472,,,,23586,
1657-00,BASE VALVE,0.0363,16475,16476,16478,,,,23276,
1658-00,ROD GUIDE,0.269,13700,13701,13703,,,,13699,
1659-00,PISTON,0.037,16147,16148,16150,21724,,21728,21723,
1659-00A,PISTON,0.037,,,,,,16155,16146,
1661-01,PISTON,0.036,12081,12082,12083,,,,12080,
1661-02A,PISTON,0.036,,,,,,,12086,
1661-03,PISTON,0.036,13875,13876,13877,,,,13874,
1661-04A,PISTON,0.036,,,,,,,13880,
1665-00,BODY,0.0325,12125,12126,12127,,,,,
1665-01,BODY,0.0325,13144,13145,13146,,,,17927,
1665-02,BODY,0.0325,12120,12121,12122,,,,19236,
1665-03,BODY,0.0325,13647,13648,13649,,,,20899,
1665-04,BODY,0.0325,13870,13871,13872,,,,19238,
1665-05,BODY,0.0325,13904,13905,13906,,,,19239,
1665-06A,BODY,0.0325,,,,,,,14415,
1665-07A,BODY,0.0325,,,,,,,23271,
1666-00,BODY,0.0393,12131,12132,12133,,,,,
1666-01,BODY,0.0393,14089,14090,14091,,,,14088,
1666-02A,BODY,0.0393,,,,,,,21539,
1666-03A,BODY,0.0393,,,,,,,15645,
1666-04A,BODY,0.0393,,,,,,,15647,
1666-05A,BODY,0.0393,,,,,,,18340,
1666-06A,BODY,0.0393,,,,,,,18499,
1666-07,BODY,0.0393,15107,15108,15109,,,,15106,
1666-08A,BODY,0.0393,,,,,,,15327,
1666-09A,BODY,0.0393,,,,,,,15328,
1666-10A,BODY,0.0393,,,,,,,16255,
1666-11,BODY,0.0393,18477,18478,18479,,,,18476,
1666-11A,BODY,0.0393,,,,,,,20801,
1667-00,ROD GUIDE ASS'Y,0.0935,18609,18610,18611,,18613,,18608,
1668-00,CAM,0.043,12849,12850,,,,,20518,
1673-00,"REB,RETAINER",0.0067,13025,13026,13027,,,,,
1673-01,RS RETAINER,0.0067,,,,,,,23207,
1673-02,RS RETAINER,0.0067,14219,14220,14221,,,,23813,
1673-03,RS RETAINER,0.007,14148,14149,14150,,,,23629,
1673-04A,RS RETAINER,0.0067,,,,,,,14230,
1673-05A,RS RETAINER,0.0067,,,,,,,14232,
1673-06A,RS RETAINER,0.0067,,,,,,,14361,
1673-07A,RS RETAINER,0.0067,,,,,,,14363,
1673-08A,RS RETAINER,0.0067,,,,,,,23673,
1673-09A,RS RETAINER,0.0067,,,,,,,16242,
1673-10A,RS RETAINER,0.0067,,,,,,,14840,
1673-11A,RS RETAINER,0.0067,,,,,,,22814,
1673-12A,RS RETAINER,0.0067,,,,,,,15955,
1673-13A,RS RETAINER,0.0067,,,,,,,16447,
1673-14A,RS RETAINER,0.0067,,,,,,,16721,
1673-15A,RS RETAINER,0.0067,,,,,,,17946,
1673-16A,RS RETAINER,0.0067,,,,,,,21239,
1675-00,CAM BASE,0.107,17535,17536,,,,,,
1676-00,CAM APPLY,0.1,17528,17529,,,,,,
1681-00,BODY,0.0329,12749,12750,12751,,,,,
1681-01,BODY,0.0329,18140,18141,18142,,,,23621,
1681-02,BODY,0.0329,13590,13591,13592,,,,15302,
1681-03A,BODY,0.0329,,,,,,,19479,
1681-04A,BODY,0.0329,,,,,,,21429,
1681-05,BODY,0.0329,21524,21525,21526,,,,21470,
1681-06,BODY,0.0329,15027,15028,15029,,,,20174,
1681-07,BODY,0.0329,15562,15563,15564,,,,22046,
1681-08A,BODY,0.0329,,,,,,,15717,
1682-00,HUB(BMW),0.008,12736,12737,,,,,12764,
1684-00,ROD GUIDE ASS'Y,0.1035,13711,13712,13714,,13715,,17479,
1685-00,ROD GUIDE ASS'Y,0.0936,13915,13916,13918,,13919,,15875,
1687-00,BODY,0.0375,16040,16041,16042,,,,,
1687-01A,BODY,0.0375,,,,,,,16039,
1687-02,BODY,0.0375,20508,20509,20510,,,,20506,
1687-03A,BODY,0.0375,,,,,,,17505,
1687-04A,BODY,0.0375,,,,,,,19312,
1687-05A,BODY,0.0375,,,,,,,18225,
1687-06A,BODY,0.0375,,,,,,,18266,
1687-07A,BODY,0.0375,,,,,,,19422,
1687-08,BODY,0.0375,20512,20513,20514,,,,20507,
1688-01,VALVE RETAINER,0.0204,16521,16522,16523,,,,,
1688-02A,VALVE RETAINER,0.0204,,,,,,,16510,
1688-03A,VALVE RETAINER,0.0204,,,,,,,16511,
1688-04A,VALVE RETAINER,0.0204,,,,,,,16512,
1688-05A,VALVE RETAINER,0.0204,,,,,,,16513,
1688-06A,VALVE RETAINER,0.0204,,,,,,,17511,
1689-00,ROD GUIDE ASS'Y,0.0818,13641,13642,13643,,13644,,14543,
1690-00,RACK STOPPER,0.0196,16840,16841,16843,,,,23849,
1691-00,SHAFT SPLINE,0.0258,21359,21360,,,,,23548,
1692-00,MOTOR BOSS,0.0805,15615,15616,,,,,15614,
1694-01,HOUSING,0.0182,22589,19228,22592,,,,,
1694-01A,HOUSING,0.0182,,,,,,,22588,
1708-00,CAM,0.022,14491,14492,,,,,14490,
1709-00,CAM,0.046,14795,14796,,,,,14794,
1722-00,HUB,0.063,14132,14133,,,,,23374,
1729-00,PISTON,0.043,13667,13668,13669,13670,,13674,,
1730-00,PISTON,0.0398,15042,15043,15044,,,,,
1730-01A,PISTON,0.0398,,,,,,15049,15041,
1730-02A,PISTON,0.0398,,,,,,16318,16314,
1730-03A,PISTON,0.0398,,,,,,16931,16926,
1730-04A,PISTON,0.0398,,,,,,16936,16927,
1731-00,PISTON,0.0457,15068,15069,15070,,,,,
1731-01A,PISTON,0.0457,,,,,,15075,15067,
1732-00,PISTON,0.0564,15785,15786,15787,15788,,,,
1732-01,PISTON,0.0564,,,,,,15791,15778,
1732-02,PISTON,0.0564,,,,,,15794,15779,
1732-03,PISTON,0.0564,,,,,,15796,15780,
1732-05,PISTON,0.0564,,,,,,15798,15781,
1732-06,PISTON,0.0564,,,,,,15800,15782,
1732-07,PISTON,0.0564,,,,,,15802,15783,
1732-08,PISTON,0.0564,,,,,,15804,15784,
1732-09,PISTON,0.0564,,,,,,16326,16324,
1732-10,PISTON,0.0564,,,,,,16328,16325,
1732-11,PISTON,0.0564,,,,,,18130,18129,
1732-13,PISTON,0.0564,,,,,,18865,18863,
1732-14,PISTON,0.0564,,,,,,18862,18860,
1732-15,PISTON,0.0564,,,,,,19712,19710,
1732-16,PISTON,0.0564,,,,,,19714,19711,
1733-00,BASE VALVE,0.048,17567,17568,17570,,,,23215,
1734-00,"REB,RETAINER",0.0127,13546,13547,13548,,,,,
1734-01,RS RETAINER,0.0127,13540,13541,13542,,,,18325,
1734-02,RS RETAINER,0.0127,13897,13898,13899,,,,23015,
1734-03A,RS RETAINER,0.0127,,,,,,,13638,
1734-04,RS RETAINER,0.0127,15381,15382,15383,,,,22913,
1734-05,RS RETAINER,0.0127,16919,16920,16921,,,,16918,
1734-06A,RS RETAINER,0.0127,,,,,,,23008,
1734-07,RS RETAINER,0.0127,15675,15676,15677,,,,19000,
1734-08,RS RETAINER,0.0127,17110,17111,17112,,,,17109,
1734-09,RS RETAINER,0.0127,19961,19962,19963,,,,19989,
1734-10,RS RETAINER,0.0127,15351,15352,15353,,,,18856,
1734-11,RS RETAINER,0.0127,16611,16612,16613,,,,16610,
1734-12,RS RETAINER,0.0127,15501,15502,15503,,,,23617,
1734-13,RS RETAINER,0.0127,22634,22635,22636,,,,22915,
1734-14,RS RETAINER,0.0127,18232,18233,18234,,,,18237,
1734-14A,RS RETAINER,0.0127,,,,,,,16490,
1734-16A,RS RETAINER,0.0127,,,,,,,16124,
1734-17A,RS RETAINER,0.0127,,,,,,,18338,
1734-18A,RS RETAINER,0.0127,,,,,,,17131,
1735-00,HUB(HONDA),0.051,13634,18924,,,,,18899,
1738-00,RS RETAINER,0.01,15162,15163,15164,,,,,
1738-01,RS RETAINER,0.01,18239,18240,18241,,,,23618,
1738-02A,RS RETAINER,0.01,,,,,,,15290,
1738-03A,RS RETAINER,0.01,,,,,,,15292,
1738-04A,RS RETAINER,0.01,,,,,,,16635,
1739-00,ROD GUIDE ASS'Y,0.1165,15136,15137,15140,,19897,,,
1739-10,ROD GUIDE ASS'Y,0.1165,21917,21918,21920,,21921,,21892,
1740-00,"REB,RETAINER",0.0127,13977,13978,13979,,,,,
1740-01A,"REB,RETAINER",0.0127,,,,,,,13976,
1741-00,"REB,RETAINER",0.0127,13990,13991,13992,,,,,
1741-01A,"REB,RETAINER",0.0127,,,,,,,13983,
1742-00,"REB,RETAINER",0.0127,13997,13998,13999,,,,,
1742-01A,"REB,RETAINER",0.0127,,,,,,,13996,
1750-00,PISTON,0.015,,,,,,,13557,
1750-05A,PISTON,0.015,,,,,,,17857,
1754-01,BODY,0.0369,19332,19333,19334,,,,19331,
1754-02,BODY,0.0358,19337,19338,19339,,,,19336,
1754-03,BODY,0.0358,19324,19325,19326,,,,19323,
1755-00,ROD GUIDE ASS'Y,0.1002,16558,16559,16561,,16562,,16517,
1757-00,ROD GUIDE ASS'Y,0.149,15823,15824,15825,,15827,,,
1757-01,ROD GUIDE ASS'Y,0.149,16580,16581,16583,,16584,,16579,
1758-00,ROD GUIDE ASS'Y,0.1045,15264,15265,15267,,15268,,15263,
1766-00,ROD GUIDE ASS'Y,0.1042,15270,15271,15273,,19901,,19900,
1767-00,CON-ROD,0.0264,16103,16104,16106,,,,,
1768-00,HUB,0.048,21050,21051,,,,,,
1769-00,HUB,0.0625,15035,15036,,,,,23474,
1770-01,VALVE RETAINER,0.0204,19381,19382,19383,,,,,
1770-02A,VALVE RETAINER,0.0204,,,,,,,19393,
1770-03A,VALVE RETAINER,0.0204,,,,,,,19395,
1770-04,VALVE RETAINER,0.0204,19388,19389,19390,,,,,
1770-04A,VALVE RETAINER,0.0204,,,,,,,19387,
1770-05,VALVE RETAINER,0.0204,19363,19364,19365,,,,,
1770-05A,VALVE RETAINER,0.0204,,,,,,,19361,
1770-06A,VALVE RETAINER,0.0204,19369,19370,19371,,,,19368,
1770-07A,VALVE RETAINER,0.0204,19375,19376,19377,,,,19374,
1770-08A,VALVE RETAINER,0.0204,,,,,,,19380,
1771-01,VALVE RETAINER,0.0204,16547,16548,16549,,,,,
1771-02A,VALVE RETAINER,0.0204,,,,,,,16519,
1771-03A,VALVE RETAINER,0.0204,,,,,,,16520,
1771-04,VALVE RETAINER,0.0204,19398,19399,19400,,,,,
1771-04A,VALVE RETAINER,0.0204,,,,,,,19397,
1771-05A,VALVE RETAINER,0.0204,,,,,,,19424,
1778-00,ROD GUIDE ASS'Y,0.105,23559,23560,23562,,15200,,23558,
1779-00,RS RETAINER,0.01,14266,14267,14268,,,,,
1779-01A,RS RETAINER,0.01,,,,,,,14401,
1779-02A,RS RETAINER,0.01,,,,,,,21310,
1779-03A,RS RETAINER,0.01,,,,,,,18939,
1779-04A,RS RETAINER,0.01,,,,,,,14377,
1779-05,RS RETAINER,0.01,20044,20045,20046,,,,20060,
1779-06A,RS RETAINER,0.01,,,,,,,15420,
1779-07A,RS RETAINER,0.01,,,,,,,19175,
1779-08A,RS RETAINER,0.01,,,,,,,17556,
1779-09A,RS RETAINER,0.01,,,,,,,17948,
1779-10A,RS RETAINER,0.01,,,,,,,18078,
1779-11,RS RETAINER,0.01,19471,19472,19473,,,,19831,
1779-12A,RS RETAINER,0.01,,,,,,,19359,
1779-13A,RS RETAINER,0.01,,,,,,,21890,
1780-00,RS RETAINER,0.01,14769,14770,14771,,,,,
1780-01A,RS RETAINER,0.01,,,,,,,14768,
1780-02A,RS RETAINER,0.01,,,,,,,16251,
1780-03A,RS RETAINER,0.01,,,,,,,16252,
1780-04,RS RETAINER,0.01,18202,18203,18204,,,,18201,
1782-00,PISTON,0.0643,15115,15116,15117,15118,,15122,,
1788-00,HUB,0.0492,16824,16825,,,,,23475,
1790-00,BODY,0.0152,14429,14430,14431,,,,,
1790-01,BODY,0.0145,20082,20083,20084,,,,20076,
1790-01A,BODY,0.0145,,,,,,,14428,
1790-02A,BODY,0.0145,,,,,,,14435,
1790-03A,BODY,0.0145,,,,,,,14842,
1790-04A,BODY,0.0145,,,,,,,22354,
1790-05,BODY,0.0145,20087,20088,20089,,,,20132,
1790-06A,BODY,0.0145,,,,,,,15878,
1790-07A,BODY,0.0145,,,,,,,15536,
1790-08,BODY,0.0145,19091,19092,19093,,,,19090,
1790-09A,BODY,0.0145,,,,,,,16116,
1790-10A,BODY,0.0145,,,,,,,16117,
1790-11,BODY,0.0145,21486,21487,21488,,,,21471,
1790-12A,BODY,0.0145,,,,,,,16222,
1790-13,BODY,0.0145,20092,20093,20094,,,,20081,
1790-14A,BODY,0.0145,,,,,,,16459,
1790-15A,BODY,0.0145,,,,,,,17146,
1791-00,BODY,0.0152,15284,15285,15286,,,,,
1791-01,BODY,0.0152,18430,18431,18432,,,,18559,
1791-02,BODY,0.0152,16980,16979,16978,,,,16951,
1791-03A,BODY,0.0152,,,,,,,15428,
1791-04A,BODY,0.0152,,,,,,,19557,
1791-05,BODY,0.0152,19991,19992,19993,,,,23757,
1791-06,BODY,0.0152,19938,19939,19940,,,,19937,
1791-07,BODY,0.0152,22708,22709,22710,,,,22707,
1791-07A,BODY,0.0152,,,,,,,21833,
1791-08A,BODY,0.0152,,,,,,,19441,
1791-09A,BODY,0.0152,,,,,,,19427,
1792-00,"REB,RETAINER",0.0095,14179,14180,14181,,,,,
1792-01,"REB,RETAINER",0.0095,15485,15486,15487,,,,23117,
1792-02,"REB,RETAINER",0.0095,16990,16989,16988,,,,23213,
1792-03A,"REB,RETAINER",0.0095,,,,,,,16481,
1792-04A,"REB,RETAINER",0.0095,,,,,,,23005,
1792-05A,"REB,RETAINER",0.0095,,,,,,,15422,
1792-06A,"REB,RETAINER",0.0095,,,,,,,15423,
1792-07A,"REB,RETAINER",0.0095,,,,,,,16307,
1792-08,"REB,RETAINER",0.0095,18245,18246,18247,,,,18250,
1792-08A,"REB,RETAINER",0.0095,,,,,,,16308,
1792-09A,"REB,RETAINER",0.0095,,,,,,,16625,
1792-10A,"REB,RETAINER",0.0095,,,,,,,23014,
1792-11A,"REB,RETAINER",0.0095,,,,,,,17950,
1796-03,Washer,0.0051,18358,18359,18360,,,,18377,
1799-00,PISTON,0.0364,14870,14871,14872,14873,,,,
1799-01,PISTON,0.0364,18876,18877,18878,,,,,
1799-01A,PISTON,0.0364,,,,,,,18875,
1799-02A,PISTON,0.0364,,,,,,,18883,
1799-03A,PISTON,0.0364,,,,,,,20566,
1799-04A,PISTON,0.0364,,,,,,,20571,
1799-05A,PISTON,0.0364,,,,,,,20835,
1799-06A,PISTON,0.0364,,,,,,,21234,
1800-00,BODY,0.0341,14752,14753,14754,,,,,
1800-01,BODY,0.0341,18870,18871,18872,,,,18869,
1800-02A,BODY,0.0341,,,,,,,19213,
1800-03A,BODY,0.0341,,,,,,,19214,
1800-04A,BODY,0.0341,,,,,,,19451,
1800-06A,BODY,0.0341,,,,,,,22364,
1801-00,PISTON,0.0588,15770,15771,15772,15773,,,,
1801-04,PISTON,0.0588,,,,,,15777,15769,
1801-05,PISTON,0.0588,,,,,,16322,16320,
1803-00,ROD GUIDE ASS'Y,0.0882,16259,16260,16262,,,,,
1803-00A,ROD GUIDE ASS'Y,0.0882,,,,,16264,,16258,
1806-00,SUPPORT YOKE ASS'Y,0.0729,15077,15078,15079,,,,15076,
1807-00,BODY,0.0363,15142,15143,15144,,,,,
1807-01,BODY,0.0363,15157,15158,15159,,,,15156,
1807-02,BODY,0.0363,15412,15413,15414,,,,15410,
1807-03,BODY,0.0363,15416,15417,15418,,,,22068,
1807-04,BODY,0.0363,19956,19957,19958,,,,19955,
1808-00,PISTON,0.122,15387,15388,15389,,,,15386,
1810-00,PISTON,0.0386,18628,18630,18629,21730,,18635,21729,
1810-00A,PISTON,0.0386,,,,,,,18627,
1811-00,PISTON,0.05,19589,19590,19591,21736,,21740,21735,
1811-00A,PISTON,0.05,,,,,,19596,19588,
1812-00,PISTON,0.0487,18637,18638,18639,19912,,19916,,
1812-10,PISTON,0.0487,,,,,,21538,21537,
1812-20,PISTON,0.0487,,,,21194,,21199,,
1815-00,PLANETARY GEAR,0.008,19436,19437,,,,,19435,
1816-00,PISTON,0.0554,21555,21556,21557,21558,,,,
1816-01,PISTON,0.0554,21589,21590,21591,,,,,
1816-02A,PISTON,0.0554,,,,21593,,21597,,
1816-03A,PISTON,0.0554,,,,21599,,21603,,
1816-04A,PISTON,0.0554,,,,21605,,21609,,
1817-01,"REB,RETAINER",0.0105,15206,15207,15208,,,,15205,
1818-00,"REB,RETAINER",0.0086,15211,15212,15213,,,,15210,
1819-00,"REB,RETAINER",0.00845,15216,15217,15218,,,,15215,
1820-01,"REB,RETAINER",0.0087,15221,15222,15223,,,,15220,
1821-01,"REB,RETAINER",0.0095,15226,15227,15228,,,,15225,
1822-01,"REB,RETAINER",0.0095,15231,15232,15233,,,,15230,
1823-01,BODY,0.0363,15236,15237,15238,,,,15235,
1826-01,BODY,0.0415,18416,18417,18418,,,,22822,
1827-00,BODY,0.0364,19029,19030,19031,,,,,
1827-01A,BODY,0.0364,,,,,,,19028,
1828-00,BODY,0.0298,16793,16794,16795,,,,,
1828-01A,BODY,0.0298,,,,,,,16792,
1829-01,BODY,0.0302,18601,18602,18603,,,,23073,
1830-00,BODY,0.0187,16800,16801,16802,,,,,
1830-01A,BODY,0.0187,,,,,,,16798,
1830-02A,BODY,0.0187,,,,,,,16799,
1831-00,BODY RETAINER,0.0109,16656,16657,16658,,,,,
1831-01,BODY RETAINER,0.0109,16912,16913,16914,,,,16911,
1831-02A,BODY RETAINER,0.0109,,,,,,,16790,
1831-03A,BODY RETAINER,0.0109,,,,,,,17134,
1831-06A,BODY RETAINER,0.0109,,,,,,,17992,
1831-07,BODY RETAINER,0.0109,18252,18253,18254,,,,,
1831-08,BODY RETAINER,0.0109,18134,18135,18136,,,,,
1831-09A,BODY RETAINER,0.0109,,,,,,,18389,
1831-10A,BODY RETAINER,0.0109,,,,,,,19138,
1831-11,BODY RETAINER,0.0109,20361,20362,20363,,,,,
1831-13,BODY RETAINER,0.0109,19982,19983,19984,,,,,
1831-14,BODY RETAINER,0.0109,20223,20224,20225,,,,,
1831-15A,BODY RETAINER,0.0109,,,,,,,19828,
1832-00,BODY RETAINER,0.0081,16663,16664,16665,,,,,
1832-01,BODY RETAINER,0.0081,20031,20032,20033,,,,20184,
1832-02,BODY RETAINER,0.0081,18709,18710,18711,,,,,
1832-03A,BODY RETAINER,0.0081,,,,,,,16791,
1832-04A,BODY RETAINER,0.0081,,,,,,,16682,
1832-05,BODY RETAINER,0.0081,16985,16984,16983,,,,,
1832-06,BODY RETAINER,0.0081,18258,18259,18260,,,,,
1832-08,BODY RETAINER,0.0081,19727,19728,19729,,,,,
1832-09,BODY RETAINER,0.0081,18214,18215,18216,,,,,
1832-10,BODY RETAINER,0.0081,19732,19733,19734,,,,,
1832-11A,BODY RETAINER,0.0081,,,,,,,18272,
1832-14,BODY RETAINER,0.0081,19976,19977,19978,,,,,
1832-15A,BODY RETAINER,0.0081,,,,,,,18391,
1832-16A,BODY RETAINER,0.0081,,,,,,,18614,
1833-00,BODY RETAINER,0.006,16808,16809,16810,,,,,
1833-01A,BODY RETAINER,0.006,,,,,,,16807,
1833-02,BODY RETAINER,0.006,18208,18209,18210,,,,20153,
1833-04,BODY RETAINER,0.006,20381,20382,20383,,,,22528,
1833-05,BODY RETAINER,0.006,20424,20425,20426,,,,20429,
1833-05A,BODY RETAINER,0.006,,,,,,,19650,
1834-01,PISTON,0.0604,16080,16081,16082,16083,,20819,,
1835-01,PISTON,0.049,15542,15543,15544,15545,,15549,,
1836-00,RS RETAINER,0.01,15553,15554,15555,,,,,
1836-01A,RS RETAINER,0.01,,,,,,,20295,
1836-02A,RS RETAINER,0.01,,,,,,,15551,
1836-03A,RS RETAINER,0.01,,,,,,,15552,
1836-04,RS RETAINER,0.01,16862,16863,16864,,,,23006,
1837-00,HUB,0.0503,16417,16418,,,,,23468,
1838-00,HUB,0.0457,17154,17155,,,,,,
1839-00,PISTON,0.0416,16046,16047,16048,16049,,16053,,
1841-00,PISTON,0.0576,21413,21414,21415,21416,,21420,,
1843-00,RS RETAINER,0.01,18154,18155,18156,,,,,
1843-01A,RS RETAINER,0.01,,,,,,,22047,
1843-02A,RS RETAINER,0.01,,,,,,,18153,
1843-03A,RS RETAINER,0.01,,,,,,,23535,
1843-04,RS RETAINER,0.01,20229,20230,20231,,,,22918,
1843-06A,RS RETAINER,0.01,,,,,,,21839,
1843-07A,RS RETAINER,0.01,,,,,,,22486,
1843-08A,RS RETAINER,0.01,,,,,,,23209,
1843-09,RS RETAINER,0.01,20236,20237,20238,,,,20235,
1843-10,RS RETAINER,0.01,21984,21985,21986,,,,22919,
1843-11A,RS RETAINER,0.01,,,,,,,22900,
1843-12A,RS RETAINER,0.01,,,,,,,22457,
1843-98,RS RETAINER,0.01,21649,21650,21651,,,,23210,
1851-01,VALVE RETAINER,0.0204,16540,16541,16542,,,,,
1851-02A,VALVE RETAINER,0.0204,,,,,,,20525,
1851-03,VALVE RETAINER,0.0204,21177,21178,21179,,,,,
1851-03A,VALVE RETAINER,0.0204,,,,,,,21176,
1851-04,VALVE RETAINER,0.0204,20387,20388,20389,,,,20395,
1851-05A,VALVE RETAINER,0.0204,,,,,,,20530,
1852-01,RS RETAINER,0.01,16062,16063,16064,,,,16060,
1852-02A,RS RETAINER,0.01,,,,,,,16061,
1852-03A,RS RETAINER,0.01,,,,,,,16433,
1852-04A,RS RETAINER,0.01,,,,,,,16434,
1852-05A,RS RETAINER,0.01,,,,,,,16435,
1853-01,RS RETAINER,0.01,16055,16056,16057,,,,16054,
1858-00,SUN GEAR,0.158,19431,19432,,,,,22491,
1858-01,SUN GEAR,0.158,,,,,,,23716,
1859-00,PISTON,0.0497,15357,15358,15359,15360,,17899,,
1861-00,TILT CAM,0.0271,20144,20145,,,,,20143,
1862-00,MOVABLE GEAR,0.0388,20023,20024,,,,,,
1862-00A,MOVABLE GEAR,0.0388,,,,,,,20022,
1863-00,RS RETAINER,0.01,16868,16869,16870,,,,,
1863-01A,RS RETAINER,0.01,,,,,,,16867,
1864-00,PISTON,0.0548,18807,18808,18809,18810,,18814,,
1871-00,ROD GUIDE ASS'Y,0.0731,19069,19070,19072,,19073,,19068,
1872-00,ROD GUIDE ASS'Y,0.0422,19076,19077,19079,,19080,,23602,
1878-00,HUB(BA),0.1,18957,17888,,,,,23231,
1880-00,COM NUT SPANNER,0.103,15663,15664,,,,,15662,
1881-01,PISTON,0.0383,15513,15514,15515,,,,,
1881-01A,PISTON,0.0383,,,,,,,15512,
1886-01,PISTON,0.0427,19404,19405,19406,21748,,21752,21747,
1886-01A,PISTON,0.0427,,,,,,19411,19403,
1887-00,PISTON,0.0327,18174,18175,18176,18177,,,,
1887-02,PISTON,0.0327,,,,,,,18173,
1887-03,PISTON,0.0327,,,,,,,18181,
1887-04,PISTON,0.0327,,,,,,,19088,
1887-05,PISTON,0.0327,,,,,,,19859,
1887-06,PISTON,0.0327,,,,,,,19861,
1887-07,PISTON,0.0327,,,,,,,19949,
1887-08,PISTON,0.0327,,,,,,,21611,
1887-09,PISTON,0.0327,,,,,,,21684,
1887-10,PISTON,0.0327,,,,,,,21687,
1887-11,PISTON,0.0327,,,,,,,21690,
1887-12,PISTON,0.0327,,,,,,,22092,
1887-13,PISTON,0.0327,,,,,,,22264,
1887-14,PISTON,0.0327,,,,,,,22461,
1887-15,PISTON,0.0327,,,,,,,22727,
1888-00,HUB,0.0396,18967,20791,,,,,23395,
1889-00,HUB,0.05,16421,18936,,,,,18903,
1891-00,BODY,0.0302,18296,18297,18298,,,,,
1891-01A,BODY,0.0302,,,,,,,18317,
1892-00,BODY,0.0302,15962,15963,15964,,,,,
1892-01A,BODY,0.0302,,,,,,,15960,
1892-02A,BODY,0.0302,,,,,,,15961,
1896-01,BODY,0.0288,15492,15493,15494,,,,23795,
1896-02,BODY,0.0288,15496,15497,15498,,,,23503,
1900-01,VALVE PISTON,0.0347,18541,18542,18543,18544,,18548,18774,
1900-02,VALVE PISTON,0.0347,18549,18550,18551,18552,,18556,18775,
1900-06,VALVE PISTON,0.0347,21348,21349,21350,21351,,21355,21347,
1904-00,BODY,0.0312,19458,19459,19460,,,,,
1904-01,BODY,0.0312,16236,16237,16238,,,,22986,
1904-02A,BODY,0.0312,,,,,,,19457,
1905-00,PISTON,0.0932,21222,21223,21224,,,,,
1905-01A,PISTON,0.0932,,,,,,,21221,
1906-00,LEVER CAM,0.0219,19803,19804,,,,,22582,
1907-01,TILT CAM,0.0271,20254,20255,,,,,22855,
1909-00,MOVABLE GEAR,0.0335,19919,19920,,,,,20196,
1909-00A,MOVABLE GEAR,0.0335,,,,,,,19917,
1910-00,ROD GUIDE ASS'Y,0.1025,19220,19221,19223,,19224,,19218,
1912-00,PISTON,0.0418,16902,16903,16904,21754,,21758,21753,
1912-00A,PISTON,0.0418,,,,,,16908,16901,
1916-00,BODY,0.0425,16774,16775,16776,,,,23531,
1917-00,BODY,0.0353,18302,18303,18304,,,,22988,
1917-10,BODY,0.0353,,,23201,,,,23197,
1918-00,BODY,0.0312,17915,17916,17917,,,,23040,
1919-00,BODY,0.0293,16778,16779,16780,,,,23039,
1920-00,BODY,0.0179,17919,17920,17921,,,,19890,
1921-00,PISTON,0.0394,19669,19670,19671,21742,,21746,21741,
1921-00A,PISTON,0.0394,,,,,,19677,19658,
1922-01,RS RETAINER,0.01,17316,17317,17318,,,,,
1922-02,RS RETAINER,0.01,18436,18437,18438,,,,23769,
1922-03A,RS RETAINER,0.01,,,,,,,17504,
1922-04,RS RETAINER,0.01,18442,18443,18444,,,,23810,
1922-05A,RS RETAINER,0.01,,,,,,,17492,
1922-06A,RS RETAINER,0.01,,,,,,,17855,
1922-07A,RS RETAINER,0.01,,,,,,,18085,
1922-08,RS RETAINER,0.01,18448,18449,18450,,,,23497,
1922-09A,RS RETAINER,0.01,,,,,,,18076,
1922-10A,RS RETAINER,0.01,,,,,,,17880,
1922-11A,RS RETAINER,0.01,,,,,,,17929,
1922-12A,RS RETAINER,0.01,,,,,,,22441,
1922-13A,RS RETAINER,0.01,,,,,,,23211,
1925-00,PISTON,0.0585,19926,19927,19928,19929,,19933,,
1931-01,RS RETAINER,0.01,17481,17482,17483,,,,,
1931-02,RS RETAINER,0.01,18454,18455,18456,,,,23024,
1931-03A,RS RETAINER,0.01,,,,,,,23032,
1931-04A,RS RETAINER,0.01,,,,,,,18998,
1931-05,RS RETAINER,0.01,18460,18461,18462,,,,23120,
1931-06A,RS RETAINER,0.01,,,,,,,17940,
1931-07,RS RETAINER,0.01,18466,18467,18468,,,,23772,
1931-08A,RS RETAINER,0.01,,,,,,,18753,
1931-09A,RS RETAINER,0.01,,,,,,,19015,
1941-00,LEVER CAM,0.023,20109,20110,,,,,20108,
1947-00,Hub Inner Shift,0.2311,19286,19287,19288,,,,,
1948-00,Flange,0.351,19279,,,,,,,
195-00,"REB,RETAINER",0.0265,2864,2863,2860,,,,9203,
1951-00,Hub Reduction,0.3365,19278,19281,,,,,,
1959-00,TILT CAM,0.0271,18095,18096,,,,,18094,
1975-00,ROD GUIDE ASS'Y,0.0801,19082,19083,19085,,19086,,19081,
1981-00,PISTON,0.0591,19160,19161,19162,19163,,,,
1981-01,PISTON,0.0591,,,,,,19167,19159,
1988-00,PISTON,0.0652,19497,19498,19499,19500,,19504,,
1990-00,COM NUT SPANNER,0.103,20301,20302,20304,,,,21698,
1990-01,COM NUT SPANNER,0.103,21491,21492,21496,,,,23817,
1991-00,BODY,0.0363,18364,18365,18366,,,,,
1991-01A,BODY,0.0363,,,,,,,18363,
1993-00,HUB,0.0456,18949,18950,,,,,23409,
1994-01,BODY,0.0363,18795,18796,18797,,,,18791,
1994-02A,BODY,0.0363,,,,,,,18794,
1996-00,BODY,0.0373,19191,19192,19193,,,,,
1996-01A,BODY,0.0373,,,,,,,19199,
1996-02A,BODY,0.0373,,,,,,,19198,
1996-03A,BODY,0.0373,,,,,,,19189,
1996-04A,BODY,0.0373,,,,,,,19200,
1996-05,BODY,0.0373,22076,22077,22078,,,,22075,
1996-05A,BODY,0.0373,,,,,,,19234,
1996-06A,BODY,0.0373,,,,,,,19190,
1996-07A,BODY,0.0373,,,,,,,19197,
1996-08A,BODY,0.0373,,,,,,,19344,
1996-09A,BODY,0.0373,,,,,,,20564,
1998-00,PISTON,0.037,19041,19042,19043,20338,,20342,,
1999-00,PISTON,0.0514,19050,19051,19052,21640,,21644,22999,
1999-00A,PISTON,0.0514,,,,,,19057,22998,
2000-00,PISTON,0.0388,19506,19507,19508,,,,,
2000-00A,PISTON,0.0388,,,,,,19513,21397,
2000-02,PISTON,0.0388,21990,21991,21992,,,,,
2000-02A,PISTON,0.0388,,,,,,21997,21989,
2001-00,PISTON,0.0414,20856,20857,20858,20859,,20863,,
2001-02,PISTON,0.0414,22000,22001,22002,22018,,22007,21999,
2002-02,PISTON,0.0442,22009,22010,22011,22017,,22016,23251,
2003-00,PISTON,0.0535,20186,20187,20188,20189,,20193,,
2005-00,HUB,0.0411,19414,19415,,,,,,
2008-00,BLOCK,0.0533,21371,21372,,,,,21370,
2009-00,FIXED GEAR,0.0266,21378,21379,,,,,21377,
2010-00,MOVABLE GEAR,0.0128,21260,21261,,,,,21255,
2011-00,BODY,0.03,19464,19465,19466,,,,,
2011-02A,BODY,0.03,,,,,,,19463,
2011-03,BODY,0.03,22406,22407,22408,,,,,
2011-03A,BODY,0.03,,,,,,,22069,
2016-00,BODY,0.0297,20913,20914,20915,,,,,
2016-01A,BODY,0.0297,,,,,,,20912,
2017-00,PISTON,0.0165,21116,21117,21118,,,,,
2017-01A,PISTON,0.0165,,,,,,,21108,
2019-00,TELES MOVABLE GEAR,0.01,21516,21517,,,,,21478,
2021-00,INSERT CAM,0.0568,21520,21521,,,,,21479,
2025-00,HUB,0.0475,19036,19037,,,,,23343,
2026-00,SOFT VALVE,0.01,20718,20719,20940,,,,,
2026-01,SOFT VALVE,0.01,21073,21074,21075,,,,21072,
2026-02,SOFT VALVE,0.01,21450,21451,21452,,,,21449,
2026-03A,SOFT VALVE,0.01,,,,,,,21455,
2026-04A,SOFT VALVE,0.01,,,,,,,20937,
2026-05A,SOFT VALVE,0.01,,,,,,,21456,
2026-06A,SOFT VALVE,0.01,,,,,,,21457,
2026-07A,SOFT VALVE,0.01,,,,,,,21229,
203-01,PISTON,0.014,2858,2857,,,,,13062,
2031-00,ROD GUIDE ASS'Y,0.106,19864,19865,19867,,19868,,19863,
2032-00,PLT TRANS BRG SUPT,0.0174,20869,20870,20871,,,,,
2033-01,SPCR-TRANS LOW&REV GR,0.0984,21817,21818,,,,,,
2034-00,SPCR-TRANS FNL DRV PLNT GR,0.03,23691,23692,,,,,,
2035-00,SPCR-TRANS FNL DRV PLNT GR,0.0453,20883,20884,,,,,23687,
2036-00,SPCR-TRANS FNL DRV PLNT GR,0.0663,20889,20890,,,,,,
2037-00,CAM,0.0145,20138,20139,,,,,20137,
2039-00,HUB,0.0428,20483,20484,,,,,20482,
204-00,BODY,0.0076,2853,2852,,,,,9201,
2041-01,PISTON,0.0615,19350,19351,19352,19353,,19357,21094,
2042-00,ROD GUIDE ASS'Y,0.1058,20490,20491,20493,,20494,,23596,
2043-01,"REB,RETAINER",0.0089,19527,19528,19529,,,,19526,
2044-00,ROD GUIDE ASS'Y,0.142,21661,21662,21664,,21665,,21660,
2045-00,ROD GUIDE ASS'Y,0.127,21667,21668,21670,,21671,,21666,
2046-01,PILOT CASE,0.0206,22055,22056,22057,,,,,
2046-01A,PILOT CASE,0.0206,22965,22966,22967,,,,23828,
2046-02A,PILOT CASE,0.0206,,,,,,,23717,
2049-00,ROD GUIDE ASS'Y,0.109,23263,23264,23266,,23267,,23262,
2050-01,VALVE PISTON,0.0347,19691,19692,19693,19694,,19698,19689,
2050-02,VALVE PISTON,0.0347,19699,19700,19701,19702,,19706,19690,
2051-00,PISTON,0.0693,20287,20288,20289,20290,,20294,,
2052-00,ROD GUIDE ASS'Y,0.134,21678,21679,21681,,21682,,21677,
2053-00,ROD GUIDE ASS'Y,0.115,21202,21203,21204,,21183,,21182,
2054-00,PISTON,0.0877,21141,21142,21143,,,,,
2054-00A,PISTON,0.0877,,,,,,21147,21140,
2055-00,BODY,0.0369,21442,21443,21444,,,,,
2055-01,BODY,0.0369,22558,22559,22560,,,,22554,
2055-02,BODY,0.0369,22562,22563,22564,,,,22555,
2055-03,BODY,0.0369,22566,22567,22568,,,,22556,
2055-04,BODY,0.0369,22570,22571,22572,,,,22557,
2058-00,ROD GUIDE ASS'Y,0.1165,21548,21549,21551,,21552,,21547,
2063-00,PISTON,0.061,20498,20499,20500,20501,,20505,,
2064-00,ROD GUIDE ASS'Y,0.0925,21056,21057,21058,,21060,,21055,
2064-10,ROD GUIDE ASS'Y,0.0925,21879,21880,21882,,21883,,21878,
2065-00,ROD GUIDE ASS'Y,0.109,21169,21170,21172,,21174,,23604,
2066-00,ROD GUIDE ASS'Y,0.087,21186,21187,21189,,21191,,23605,
2067-02,RS RETAINER,0.01,22141,22142,22143,,,,23816,
2068-00,PISTON,0.0895,22131,22132,22133,22134,,22138,,
2069-00,PILOT RETAINER,0.0096,20757,20758,20759,,,,,
2069-00A,PILOT RETAINER,0.0096,,,,,,,21399,
2071-00,PISTON,0.0685,21097,21098,21099,,,,,
2071-00A,PISTON,0.0685,,,,,,21103,21096,
2072-00,HUB,0.0468,20851,20852,,,,,23348,
2073-00,ROD GUIDE ASS'Y,0.0573,20748,20749,20751,,20755,,20747,
2075-00,HUB,0.0476,21216,21217,,,,,23284,
2076-00,BODY RETAINER,0.0108,20538,20539,20540,,,,,
2076-01,BODY RETAINER,0.0108,20628,20629,20630,,,,20710,
2076-05,BODY RETAINER,0.0108,21463,21464,21465,,,,23528,
2076-06A,BODY RETAINER,0.0108,,,,,,,20927,
2076-07,BODY RETAINER,0.0108,20588,20589,20590,,,,22916,
2076-08,BODY RETAINER,0.0108,20613,20614,20615,,,,23025,
2076-09A,BODY RETAINER,0.0108,,,,,,,21428,
2076-11,BODY RETAINER,0.0108,20620,20621,20622,,,,20987,
2076-12,BODY RETAINER,0.0108,20661,20662,20663,,,,23026,
2076-12A,BODY RETAINER,0.0108,,,,,,,20665,
2076-13,BODY RETAINER,0.0108,20655,20656,20657,,,,20654,
2076-14,BODY RETAINER,0.0108,21805,21806,21807,,,,21804,
2076-15,BODY RETAINER,0.0108,20675,20676,20677,,,,23027,
2076-16A,BODY RETAINER,0.0108,,,,,,,20902,
2076-17A,BODY RETAINER,0.0108,,,,,,,22626,
2076-18A,BODY RETAINER,0.0108,,,,,,,22497,
2077-00,BODY RETAINER,0.0083,20551,20552,20553,,,,,
2077-01,BODY RETAINER,0.0083,20544,20545,20546,,,,23545,
2077-02,BODY RETAINER,0.0083,20641,20642,20643,,,,23043,
2077-03A,BODY RETAINER,0.0083,,,,,,,20933,
2077-05,BODY RETAINER,0.0083,20670,20671,20672,,,,22924,
2077-06,BODY RETAINER,0.0083,20650,20651,20652,,,,23028,
2077-07,BODY RETAINER,0.0083,20558,20559,20560,,,,23031,
2077-08,BODY RETAINER,0.0083,20600,20601,20602,,,,23118,
2077-09,BODY RETAINER,0.0083,20593,20594,20595,,,,20597,
2077-10,BODY RETAINER,0.0083,20813,20814,20815,,,,23038,
2077-12,BODY RETAINER,0.0083,21969,21970,21971,,,,23030,
2077-13,BODY RETAINER,0.0083,21014,21015,21016,,,,22083,
2077-14,BODY RETAINER,0.0083,20607,20608,20609,,,,20611,
2077-17,BODY RETAINER,0.0083,21068,21069,21070,,,,22689,
2077-18,BODY RETAINER,0.0083,22616,22617,22618,,,,22926,
2077-19,BODY RETAINER,0.0083,21156,21157,21158,,,,22837,
2077-19A,BODY RETAINER,0.0083,,,,,,,20985,
2077-20,BODY RETAINER,0.0083,23623,23624,23625,,,,23622,
2086-00,ROD GUIDE ASS'Y,0.0701,22531,22532,22534,,22535,,22530,
2087-00,ROD GUIDE ASS'Y,0.0892,21036,21037,21039,,21040,,,
2088-00,ROD GUIDE ASS'Y,0.084,21041,21042,21044,,21045,,,
2092-01,BODY,0.0303,21124,21125,21126,,,,21122,
2092-02,BODY,0.0303,21874,21875,21876,,,,21873,
2093-01,BODY,0.0292,21128,21129,21130,,,,21123,
2097-00,ROD GUIDE,0.1242,21673,21674,21676,,,,23814,
2098-00,PLANETARY GEAR,0.01425,22023,22024,,,,,22027,
2099-00,SUN GEAR,0.158,22085,22086,,,,,22084,
2100-00,RING GEAR,0.0533,22042,22043,,,,,22041,
2101-00,Carrier Ass'y,0.0428,22036,22037,,,,,,
2101-00A,Carrier Ass'y,0.0428,,,,,22040,,22034,
2102-00,PISTON,0.0371,22333,22334,22335,22336,,22340,,
2111-00,PISTON,0.0342,21899,21900,21902,21903,,21907,,
2112-00,PISTON,0.037,21908,21909,21911,21912,,21916,,
2113-00,PILOT RETAINER,0.0083,22099,22100,22101,,,,23543,
2115-00,COUPLER,0.0183,22640,22641,,,,,22639,
2119-00,BODY,0.0412,21860,21861,21862,,,,21859,
2127-00,ROD GUIDE ASS'Y,0.0765,21975,21976,21978,,21979,,23321,
2128-00,BODY,0.0321,23086,23087,23088,,,,23268,
2140-00,CAM PLATE,0.211,22115,22116,,,,,,
2140-00A,CAM PLATE,0.211,,,,,,,23260,
2141-00,CAM PLATE,0.257,22342,22343,,,,,,
2141-00A,CAM PLATE,0.257,,,,,,,23261,
2142-00,ROD GUIDE ASS'Y,0.101,21865,21866,21868,,21869,,21864,
2143-03A,RS RETAINER,0.01,,,,,,,23084,
2143-04A,RS RETAINER,0.01,,,,,,,23711,
2143-50,RS RETAINER,0.01,23096,23097,23098,,,,,
2147-00,ROD GUIDE ASS'Y,0.1,23745,23746,23748,,23749,,23744,
2150-00,BODY,0.0367,22754,22755,22756,,,,22753,
2157-00,CAM,0.0253,23241,23242,,,,,23240,
2160-01A,RS RETAINER,0.01,,,,,,,23085,
2160-02A,RS RETAINER,0.01,,,,,,,22759,
2160-03A,RS RETAINER,0.01,,,,,,,22760,
2160-50,RS RETAINER,0.01,22761,22762,22763,,,,,
2161-02,RS RETAINER,0.01,22542,22543,22544,,,,22838,
2161-03,RS RETAINER,0.01,22648,22649,22650,,,,23527,
2161-04A,RS RETAINER,0.01,,,,,,,23761,
2161-50,RS RETAINER,0.01,23762,23763,23764,,,,,
2167-00,BODY,0.0382,23806,23807,23808,,,,23805,
2169-01A,BODY RETAINER,0.009,,,,,,,23082,
2169-02A,BODY RETAINER,0.009,,,,,,,23083,
2169-03A,BODY RETAINER,0.009,,,,,,,23742,
2169-04A,BODY RETAINER,0.009,,,,,,,23710,
2169-05A,BODY RETAINER,0.009,,,,,,,23851,
2169-06A,BODY RETAINER,0.009,,,,,,,23853,
2169-50,BODY RETAINER,0.009,23090,23091,23092,,,,,
2172-01A,BODY RETAINER,0.0093,,,,,,,22770,
2172-50,BODY RETAINER,0.0093,22771,22772,22773,,,,,
2173-10,"REB,RETAINER",0.0089,23385,23386,23387,,,,23384,
2174-11,"REB,RETAINER",0.0089,23389,23390,23391,,,,23383,
2177-01,PISTON,0.0364,23189,23190,23191,,,,23188,
2178-00,ROD GUIDE,0.275,22892,22893,22894,,22896,,22891,
2187-00,PISTON,0.0364,23839,23840,23841,23846,,23845,,
2189-00,PISTON,0.0364,23831,23832,23833,23834,,23838,,
2194-00,PISTON,0.0376,23634,23635,23636,23637,,23641,,
2195-00,ROD GUIDE ASS'Y,0.1,23751,23752,23754,,23755,,23855,
2197-00,BODY,0.0382,23801,23802,23803,,,,23847,
220-00,HEAD,0.0293,2849,2848,,,,,,
2200-00,VALVE SEAT,0.0356,23648,23649,23650,,,,23647,
220-02,HEAD,0.0293,2845,2844,,,,,,
220-04,HEAD,0.0293,2841,2840,,,,,,
2201-00,BASE VALVE,0.0498,22367,22368,22370,,,,22366,
2205-00,HUB,0.05,22360,22361,,,,,22359,
2207-00,BODY,0.0382,22799,22800,22801,,,,,
2209-01,RETAINER,0.00945,22803,22804,22805,,,,,
2209-02,RETAINER,0.00945,22807,22808,22809,,,,,
2211-00,BASE VALVE,0.0503,22847,22848,22850,,,,22846,
2212-01,SLIDE BUSH,0.045,23790,23791,23793,,,,,
2212-02,SLIDE BUSH,0.045,23785,23786,23787,,,,,
2212-03,SLIDE BUSH,0.045,23780,23781,23783,,,,,
2216-00,FIXED GEAR,0.0289,23732,23733,,,,,,
2216-00A,FIXED GEAR,0.0289,,,,,,,23726,
2217-00,MOVABLE GEAR,0.0128,23738,23739,,,,,23737,
226-03,ROD GUIDE ASS'Y,0.0525,2833,2832,2830,,2829,,9196,
227-01,PISTON,0.0455,2827,2826,,,,,13077,
229-00,RETAINER GUIDE,0.066,,,,,,,10114,
233-00,SUPPORT YOKE ASS'Y,0.0729,2817,2816,2815,,2814,,,
239-00,ROD GUIDE ASS'Y,0.0375,2813,2812,2810,,2809,,9190,
239-02,ROD GUIDE ASS'Y,0.0375,2808,2807,2805,,2804,,9189,
2412-00,BODY,0.029,16343,16344,16345,,,,,
2412-01A,BODY,0.029,,,,,,,22604,
2412-02A,BODY,0.029,,,,,,,16348,
2412-03,BODY,0.029,20176,20177,20178,,,,22980,
2412-04A,BODY,0.029,,,,,,,15904,
2412-06,BODY,0.029,20014,20015,20016,,,,21336,
2412-07,BODY,0.029,18186,18187,18188,,,,18293,
2412-08A,BODY,0.029,,,,,,,16350,
2412-09,BODY,0.029,15913,15914,15915,,,,19176,
2412-10,BODY,0.029,15917,15918,15919,,,,15892,
2412-11A,BODY,0.029,,,,,,,16352,
2412-12A,BODY,0.029,,,,,,,16354,
2412-13,BODY,0.029,22400,22401,22402,,,,22404,
2412-13A,BODY,0.029,,,,,,,22053,
2412-15A,BODY,0.029,,,,,,,16358,
2412-16A,BODY,0.029,,,,,,,15905,
2412-17A,BODY,0.029,,,,,,,16360,
2412-18,BODY,0.029,22029,22030,22031,,,,22033,
2412-18A,BODY,0.029,,,,,,,18165,
2412-19,BODY,0.029,20018,20019,20020,,,,20007,
2412-20A,BODY,0.029,,,,,,,16457,
2412-21A,BODY,0.029,,,,,,,16489,
242-01,GAS SPRING PISTON,0.0073,2803,2802,,,,,,
251-00,BODY,0.026,2799,2798,,,,,,
252-00,BODY,0.027,2796,2795,,,,,,
2554-01A,RS RETAINER,0.01,,,,,,,15539,
264-00,HEAD,0.024,2793,2792,,,,,,
264-03,HEAD,0.0235,2789,2788,,,,,,
264-04,HEAD,0.024,2785,2784,,,,,,
265-00,PISTON,0.052,2781,2780,,,,,,
2671-01,PISTON,0.0255,18103,18104,18105,18106,,19853,19848,
2671-05,PISTON,0.0255,18110,18111,18112,18113,,18124,19998,
2671-06,PISTON,0.0255,18117,18118,18119,18120,,18385,21092,
2671-10,PISTON,0.0255,,,,,,18991,,
2671-10A,PISTON,0.0255,,,,,,,18990,
2843-01,RS RETAINER,0.01,21655,21656,21657,,,,22927,
2852-00,BODY,0.0295,16017,16018,16019,,,,,
2852-01A,BODY,0.0295,,,,,,,15974,
2852-02A,BODY,0.0295,,,,,,,15975,
2852-03A,BODY,0.0295,,,,,,,15976,
2852-04,BODY,0.0295,16365,16366,16367,,,,22781,
2852-05,BODY,0.0295,16009,16010,16011,,,,23196,
2852-06,BODY,0.0295,20318,20319,20320,,,,22981,
2852-07,BODY,0.0295,16375,16376,16377,,,,16374,
2852-08,BODY,0.0295,16380,16381,16382,,,,16379,
2852-09,BODY,0.0295,16013,16014,16015,,,,21872,
2852-10,BODY,0.0295,16386,16387,16388,,,,16713,
2852-11A,BODY,0.0295,,,,,,,18734,
2852-12A,BODY,0.0295,,,,,,,18739,
2852-13A,BODY,0.0295,,,,,,,15985,
2852-14A,BODY,0.0295,,,,,,,15986,
2852-15A,BODY,0.0295,,,,,,,18732,
2852-16A,BODY,0.0295,,,,,,,18741,
2852-17,BODY,0.0295,17196,17197,17198,,,,17193,
2852-18A,BODY,0.0295,,,,,,,15996,
2852-19A,BODY,0.0295,,,,,,,18342,
2852-20A,BODY,0.0295,,,,,,,15999,
2852-21A,BODY,0.0295,,,,,,,18737,
2852-22A,BODY,0.0295,,,,,,,16004,
2852-23A,BODY,0.0295,,,,,,,16005,
2852-24A,BODY,0.0295,,,,,,,18414,
2852-25,BODY,0.0295,17200,17201,17202,,,,17194,
2856-00,PISTON,0.0365,22499,22500,22501,22502,,22506,,
2857-00,PISTON,0.0539,22518,22519,22521,22522,,22526,,
2858-00,CHECK VALVE BODY,0.01308,22597,22598,,,,,22601,
2861-00,ROD GUIDE,0.031,23643,23644,23645,,,,23642,
2892-03,BODY,0.0295,22482,22483,22484,,,,22481,
313-00,ROD GUIDE ASS'Y,0.0236,2776,2775,2773,,2772,,9177,
321-00,GEAR & HOLDER ASS'Y,0.0653,2771,11551,11553,,,,,
321-02,GEAR & HOLDER ASS'Y,0.0653,,2770,2768,,,,,
322-00,GEAR & HOLDER ASS'Y,0.07,11353,11354,11356,,,,,
323-00,GEAR(대),0.0555,2764,2763,2762,,,,,
324-00,FLY WEIGHT,0.0106,2756,2755,,,,,,
324-01,FLY WEIGHT,0.0106,2751,2750,,,,,,
331-01,SUPPORT YOKE ASS'Y,0.0897,2744,2743,2742,,2741,,18989,
335-00,SPRING SEAT,0.0132,2740,2739,,,,,,
344-00,ROD GUIDE ASS'Y,0.077,2736,2735,2733,,2732,,9168,
353-00,PISTON,0.0539,2729,2728,2727,,,,,
353-02A,PISTON,0.0539,,,,,,,9166,
355-00,BACK UP WASHER,0.0135,2724,2723,,,,,,
356-00,RACK STOPPER,0.071,2721,2720,,,,,9163,
357-00,ROD GUIDE ASS'Y,0.057,2716,2715,2713,,2712,,9162,
357-02,ROD GUIDE ASS'Y,0.057,2711,2710,2708,,2707,,9161,
357-04,ROD GUIDE ASS'Y,0.057,2702,2701,2699,,2698,,9159,
358-02,PISTON,0.05,2696,2695,2694,,,,9157,
365-00,ROD GUIDE ASS'Y,0.062,2691,2690,2688,,2687,,9155,
366-00,BODY,0.0185,2686,2685,,,,,9154,
371-00,RACK STOPPER,0.0305,2682,2681,2680,,,,9153,
374-01,PISTON,0.051,2677,2676,,,,,9151,
377-01,SUPPORT YOKE ASS'Y,0.0897,2672,2671,2670,,2669,,9150,
381-00,BACK UP WASHER,0.0292,2668,2667,,,,,9149,
382-01,RACK STOPPER,0.0417,2664,2663,,,,,9148,
382-03,RACK STOPPER,0.0418,2659,2658,,,,,9147,
382-04,RACK STOPPER,0.0877,2654,2653,,,,,9146,
384-01,SUPPORT YOKE ASS'Y,0.094,2649,2648,2647,,2646,,9145,
384-03,SUPPORT YOKE ASS'Y,0.094,2644,2643,2642,,2640,,15240,
384-04,SUPPORT YOKE ASS'Y,0.094,2637,2636,2635,,2633,,,
384-04A,SUPPORT YOKE ASS'Y,0.094,,,,,,,15062,
384-05,SUPPORT YOKE ASS'Y,0.094,2630,2629,2628,,2627,,9140,
384-06,SUPPORT YOKE ASS'Y,0.094,2624,2623,2622,,2621,,9139,
385-01,PISTON,0.045,2620,2619,,,,,9137,
386-00,BODY,0.03,2616,2615,,,,,9135,
388-02,PISTON,0.031,2612,2611,,,,,13074,
401-00,"COMP,RETAINR",0.0086,2608,2607,2605,,,,9133,
402-00,"COMP,RETAINR",0.0083,2604,2603,2601,,,,9131,
403-00,"COMP,RETAINR",0.0082,2600,2599,2597,,,,,
404-00,"COMP,RETAINR",0.0083,1281,1280,1278,,,,9129,
405-00,"COMP,RETAINR",0.0082,1277,1276,1274,,,,8691,
406-00,"REB,RETAINER",0.0064,1273,1272,1269,,,,8690,
407-00,"REB,RETAINER",0.0068,1268,1267,1264,,,,8689,
408-00,"REB,RETAINER",0.0063,1263,1262,1259,,,,8688,
409-00,"REB,RETAINER",0.0073,1258,1257,1254,,,,8686,
410-00,"REB,RETAINER",0.0072,1253,1252,1249,,,,8685,
411-00,"COMP,RETAINR",0.0074,1248,1247,1245,,,,8684,
412-00,"REB,RETAINER",0.0072,1244,1243,1240,,,,8683,
413-00,"REB,RETAINER",0.0087,1239,1238,1235,,,,8682,
414-00,"COMP,RETAINR",0.0101,1234,1233,1231,,,,8681,
415-00,"COMP,RETAINR",0.0082,1230,1229,1227,,,,8679,
419-00,"REB,RETAINER",0.0069,1226,1225,1222,,,,8678,
420-00,"COMP,RETAINR",0.0088,1221,1220,1218,,,,8677,
424-00,ROD GUIDE ASS'Y,0.0225,1217,1216,1214,,1213,,8676,
425-00,RACK STOPPER,0.036,1212,1211,1210,,,,8675,
426-00,"COMP,RETAINR",0.0083,1207,1206,1204,,,,8673,
427-00,"REB,RETAINER",0.0059,1203,1202,1199,,,,8671,
428-01,"COMP,RETAINR",0.0083,1198,1197,1195,,,,8670,
429-00,PISTON,0.0135,1194,1193,1192,,,,,
429-01,PISTON,0.0135,1189,1188,1187,,,,13061,
429-03,PISTON,0.0135,1184,1183,1182,,,,,
431-00,"REB,RETAINER",0.0056,1177,1176,1173,,,,8664,
431-02A,"REB,RETAINER",0.0056,,,,,,,8665,
431-03A,"REB,RETAINER",0.0056,,,,,,,8666,
432-00,RACK STOPPER,0.0335,1172,1171,1170,,,,,
437-02,GAS SPRING PISTON,0.0122,1165,1164,,,,,8661,
438-01,RACK STOPPER,0.0383,1161,1160,,,,,8660,
441-01,RACK STOPPER,0.0603,1156,1155,1154,,,,8659,
441-02,RACK STOPPER,0.039,1151,1150,1149,,,,8658,
441-03,RACK STOPPER,0.0515,1146,1145,1144,,,,8657,
442-00,BACK UP WASHER,0.0235,1141,1140,,,,,8656,
447-01,SUPPORT YOKE ASS'Y,0.073,1137,1136,1135,,1134,,8655,
447-02,SUPPORT YOKE ASS'Y,0.073,,1132,1131,,1130,,8653,
449-00,BODY,0.0256,1127,1126,,,,,8651,
458-00,"REB,RETAINER",0.0057,1123,1122,1119,,,,8649,
459-00,"REB,RETAINER",0.0068,1118,1117,1114,,,,8648,
464-00,PISTON,0.0373,1113,1112,1111,,,,8647,
464-02,PISTON,0.0355,1108,1107,1106,,,,,
464-03,PISTON,0.036,11594,11595,11596,,,,,
464-03A,PISTON,0.0354,,,,,,,13099,
464-05A,PISTON,0.0354,,,,,,,13069,
464-06A,PISTON,0.0354,,,,,,,8620,
464-07,PISTON,0.036,1103,1102,1101,,,,8645,
464-09A,PISTON,0.0354,,,,,,,8621,
464-11A,PISTON,0.0354,,,,,,,8622,
464-12A,PISTON,0.0354,,,,,,,8623,
464-13,PISTON,0.0351,1096,1095,1094,,,,8642,
464-15,PISTON,0.0355,1091,1090,1089,,,,8641,
464-16,PISTON,0.0353,1086,1085,1084,,,,8639,
464-18,PISTON,0.0336,1081,1080,1079,,,,8637,
464-19A,PISTON,0.0354,,,,,,,8624,
464-20A,PISTON,0.0354,,,,,,,8625,
464-21,PISTON,0.0328,1076,1075,1074,,,,8636,
464-22A,PISTON,0.0354,,,,,,,8626,
464-23,PISTON,0.0333,1071,1070,1069,,,,8634,
464-24A,PISTON,0.0354,,,,,,,8627,
464-25A,PISTON,0.0354,,,,,,,8629,
464-26,PISTON,0.0347,1066,1065,1064,,,,8633,
464-27A,PISTON,0.0354,,,,,,,17844,
464-31A,PISTON,0.0354,,,,,,,8630,
464-33A,PISTON,0.0354,,,,,,,13070,
464-34A,PISTON,0.0354,,,,,,,8613,
464-51,PISTON,0.036,1035,1034,1033,,,,13071,
464-52,PISTON,0.0344,1030,1029,1028,,,,13073,
464-54,PISTON,0.0354,1021,1020,1019,,,,8614,
464-99A,PISTON,0.0354,,,,,,,13817,
465-04,BODY,0.0247,1016,1015,1014,,,,8611,
467-00,BODY,0.0245,1013,1012,1011,,,,,
467-02A,BODY,0.0245,,,,,,,8610,
470-00,"REB,RETAINER",0.0139,1007,1006,1003,,,,8604,
470-01A,"REB,RETAINER",0.0139,,,,,,,8606,
470-02A,"REB,RETAINER",0.0139,,,,,,,8608,
479-00,SUPPORT YOKE ASS'Y,0.073,,1001,1000,,998,,,
480-00,RACK BUSH,0.0135,997,996,995,,,,8602,
483-02,RACK STOPPER,0.0672,992,991,,,,,8601,
483-05,RACK STOPPER,0.0495,987,986,,,,,8600,
483-06,RACK STOPPER,0.0723,982,981,,,,,8599,
486-00,GAS SPRING PISTON,0.0042,977,976,,,,,8598,
494-01,"REB,RETAINER",0.0045,972,971,970,,,,8597,
494-02,"REB,RETAINER",0.00445,965,964,963,,,,8594,
494-04,"REB,RETAINER",0.0044,960,959,958,,,,8590,
494-05,"REB,RETAINER",0.0046,954,953,952,,,,8586,
494-06A,"REB,RETAINER",0.0045,,,,,,,8587,
494-07,"REB,RETAINER",0.0045,949,948,947,,,,18583,
494-08,"REB,RETAINER",0.00425,944,943,942,,,,8582,
494-51,"REB,RETAINER",0.0046,938,937,936,,,,8579,
494-52,"REB,RETAINER",0.0045,933,932,931,,,,8578,
494-53A,"REB,RETAINER",0.0045,,,,,,,8580,
496-00,ROD GUIDE ASS'Y,0.0635,928,923,921,,920,,8575,
501-01,ORIFICE,0.027,919,918,917,,,,8574,
501-02A,ORIFICE,0.027,913,912,911,,,,8573,
508-05,BODY,0.0246,906,905,904,,,,8570,
508-14,BODY,0.0237,903,902,901,,,,8569,
508-15A,BODY,0.0237,,,,,,,8571,
511-00,BACK UP WASHER,0.0096,900,899,,,,,8568,
513-00,"COMP,RETAINR",0.0083,897,896,894,,,,8567,
515-00,"COMP,RETAINR",0.0083,892,891,889,,,,8564,
515-01A,"COMP,RETAINER",0.0083,,,,,,,8566,
516-01,SUB VALVE BODY,0.0133,888,887,886,,,,,
516-02,SUB VALVE BODY,0.0133,882,881,880,,,,,
530-01,ROD GUIDE ASS'Y,0.0735,876,875,873,,872,,8561,
530-02,ROD GUIDE ASS'Y,0.0735,871,870,868,,867,,8560,
533-00,FLY WEIGHT,0.01065,861,860,,,,,,
534-01,LEVER,0.0295,854,853,,,,,,
535-00,LEVER,0.0401,849,848,,,,,,
546-00,BODY,0.0319,841,840,839,,,,,
546-01A,BODY,0.0319,,,,,,,8553,
546-02A,BODY,0.0319,,,,,,,8554,
546-04A,BODY,0.0319,,,,,,,8555,
551-01,BODY,0.0093,836,835,834,,,,,
553-00,STOPPER,0.0043,826,825,,,,,,
554-02,GAS SPRING PISTON,0.0124,823,822,,,,,,
554-03,GAS SPRING PISTON,0.0124,819,818,,,,,,
556-00,PISTON,0.0367,811,810,809,,,,,
556-01A,PISTON,0.0367,,,,,,,13075,
556-05A,PISTON,0.0367,,,,,,,13076,
556-06A,PISTON,0.0367,,,,,,,8547,
557-00,BODY,0.00861,806,805,,,,,8542,
559-00,BODY,0.05,802,801,,,,,8541,
560-00,SPRING SEAT,0.022,798,797,,,,,,
567-03,BODY,0.0309,794,793,792,,,,8538,
567-05,BODY,0.0307,788,787,786,,,,8537,
567-06,BODY,0.03,784,783,782,,,,8533,
567-07A,BODY,0.03,,,,,,,19102,
567-08,BODY,0.0307,780,779,778,,,,8531,
567-09,BODY,0.0301,776,775,774,,,,8529,
567-12,BODY,0.0308,771,770,769,,,,8526,
567-13,BODY,0.0305,767,766,765,,,,8524,
567-14,BODY,0.03,763,762,761,,,,14394,
567-15,BODY,0.0304,759,758,757,,,,8520,
567-16,BODY,0.0305,754,753,752,,,,8518,
567-18,BODY,0.0293,750,749,748,,,,8515,
567-19,BODY,0.0305,746,745,744,,,,8513,
567-21A,BODY,0.0305,,,,,,,8519,
575-00,"REB,RETAINER",0.0056,742,741,738,,,,8512,
579-00,HEAD,0.0297,737,736,,,,,,
584-01,BODY,0.031,733,732,731,,,,8509,
584-02,BODY,0.03,728,727,726,,,,8505,
584-03A,BODY,0.03,,,,,,,8507,
584-04,BODY,0.0305,725,724,723,,,,8503,
584-05A,BODY,0.03,,,,,,,8508,
584-07,BODY,0.03,722,721,720,,,,8502,
588-01,PISTON,0.0354,714,713,712,711,,,8500,
588-02A,PISTON,0.0353,,,,,,,8487,
588-05,PISTON,0.0343,706,705,704,703,,692,21081,
588-06A,PISTON,0.0353,,,,,,,8493,
588-07,PISTON,0.0356,691,690,689,688,,19947,19946,
588-08A,PISTON,0.0353,,,,,,,10521,
588-09,PISTON,0.0357,679,678,677,676,,664,8488,
588-10,PISTON,0.0358,661,660,659,658,,647,8483,
588-11,PISTON,0.0357,646,645,644,643,,,8480,
588-12,PISTON,0.0357,639,638,637,636,,,8478,
588-13,PISTON,0.0357,632,631,630,629,,,8476,
588-14,PISTON,0.0371,7087,7086,7085,7084,,,,
588-14A,PISTON,0.0353,,,,,,11459,11457,
588-17,PISTON,0.0355,7078,7077,7076,7075,,,10542,
588-18,PISTON,0.0354,7063,7062,7061,7060,,7049,10531,
588-19,PISTON,0.0355,7044,7043,7042,7041,,19878,10525,
588-20,PISTON,0.0359,7036,7035,7034,7033,,19856,10522,
588-21,PISTON,0.0348,7027,7026,7025,7024,,,10519,
588-22,PISTON,0.035,7015,7014,7013,7012,,7000,10514,
588-23A,PISTON,0.0353,,,,,,,10535,
588-24A,PISTON,0.0353,,,,,,,10536,
588-25A,PISTON,0.0353,,,,,,21164,8615,
588-26,PISTON,0.0354,6992,6991,6990,6989,,6978,10504,
588-27,PISTON,0.0349,6971,6970,6969,6968,,6957,10497,
588-28,PISTON,0.0352,6955,6954,6953,6952,,,10494,
588-29A,PISTON,0.0353,,,,,,,10507,
588-30,PISTON,0.0356,6946,6945,6944,6943,,6947,10490,
588-31,PISTON,0.0347,6929,6928,6927,6926,,6915,10485,
588-32,PISTON,0.0337,6914,6913,6912,6911,,6900,10481,
588-34,PISTON,0.0353,6898,6897,6896,6895,,,10477,
588-35,PISTON,0.0351,6891,6890,6889,6888,,,10476,
588-36A,PISTON,0.0353,,,,,,,10479,
588-37A,PISTON,0.0353,,,,,,20431,10495,
588-38A,PISTON,0.0353,6884,6883,6882,6881,,7016,10475,
588-39,PISTON,0.035,6875,6874,6873,6872,,6861,21082,
588-41,PISTON,0.0356,6860,6859,6858,6857,,,10471,
588-43,PISTON,0.0342,6853,6852,6851,6850,,20810,10469,
588-44,PISTON,0.0371,6845,6844,6843,6842,,6831,10467,
588-45,PISTON,0.0338,6830,6829,6828,6827,,,10464,
588-46A,PISTON,0.0353,,,,,,682,8491,
588-47,PISTON,0.0353,6823,6822,6821,6820,,,10463,
588-48,PISTON,0.0345,6816,6815,6814,6813,,,10462,
588-49,PISTON,0.0327,6809,6808,6807,6806,,,10461,
588-51,PISTON,0.0357,6797,6796,6795,6794,,,,
588-53,PISTON,0.0364,6789,6788,6787,6786,,6782,14234,
588-54,PISTON,0.036,6781,6780,6779,6778,,6774,10453,
588-56,PISTON,0.0354,6773,6772,6771,6770,,,10452,
588-57A,PISTON,0.0354,6766,6765,6764,6763,,6974,21083,
588-58A,PISTON,0.0354,,,,,,20042,20041,
588-59A,PISTON,0.0354,,,,,,19874,10457,
588-60A,PISTON,0.0354,,,,,,,10458,
588-61,PISTON,0.0344,6757,6756,6755,6754,,6743,21084,
588-64,PISTON,0.0352,6742,6741,6740,6739,,11625,10446,
588-65A,PISTON,0.0375,,,,,,19849,10459,
588-66A,PISTON,0.0375,,,,,,,10450,
588-67A,PISTON,0.0375,,,,,,,10460,
588-68A,PISTON,0.0375,,,,,,6976,10502,
588-69A,PISTON,0.0375,,,,,,6930,10487,
588-70A,PISTON,0.0375,,,,,,11521,11511,
588-71A,PISTON,0.0375,,,,,,7045,11512,
588-72A,PISTON,0.0375,,,,,,19099,19097,
588-92,PISTON,0.0375,21951,21952,21953,21954,,21958,,
588-93,PISTON,0.0375,21960,21961,21962,21963,,21967,,
588-94A,PISTON,0.0375,,,,,,21313,21311,
588-95A,PISTON,0.0375,,,,,,16234,16232,
588-96A,PISTON,0.0375,,,,,,13822,13820,
588-97,PISTON,0.0375,6735,6734,6733,6732,,6728,10445,
588-98,PISTON,0.0341,6727,6726,6725,6724,,6720,10444,
588-99,PISTON,0.0365,6719,6718,6717,6716,,6712,10443,
591-01,PISTON,0.0535,6709,6708,6707,6706,,6693,10439,
591-02,PISTON,0.0535,6692,6691,6690,6689,,,10436,
591-03A,PISTON,0.0326,,,,,,11616,11615,
591-04A,PISTON,0.0326,,,,,,11524,10441,
591-06A,PISTON,0.0326,,,,,,11275,13958,
591-08,PISTON,0.0527,6685,6684,6683,6682,,6678,10435,
591-11,PISTON,0.0531,6673,6672,6671,6670,,6666,10432,
591-12,PISTON,0.0532,6665,6664,6663,6662,,6658,10431,
591-13,PISTON,0.0525,6657,6656,6655,6654,,6642,19842,
591-13A,PISTON,0.0326,,,,,,6701,,
591-14,PISTON,0.0534,6641,6640,6639,6638,,6634,10426,
591-15,PISTON,0.0532,6633,6632,6631,6630,,6626,10425,
591-16,PISTON,0.0533,6625,6624,6623,6622,,6618,10424,
591-17,PISTON,0.0528,6617,6616,6615,6614,,6610,10423,
591-18,PISTON,0.0528,6609,6608,6607,6606,,6602,10422,
591-19,PISTON,0.0531,6601,6600,6599,6598,,6587,10421,
591-20A,PISTON,0.0326,,,,,,6674,10433,
592-02,PISTON,0.0354,6584,6583,6582,6581,,6570,10416,
592-03,PISTON,0.0345,6568,6567,6566,6565,,6554,21085,
592-04,PISTON,0.0352,6552,6551,6550,6549,,6538,21086,
592-05,PISTON,0.0352,6533,6532,6531,6530,,6519,21087,
592-06,PISTON,0.0339,6518,6517,6516,6515,,,10396,
592-07,PISTON,0.0326,6511,6510,6509,6508,,6497,21088,
592-08A,PISTON,0.0326,,,,,,,10414,
592-09A,PISTON,0.0326,,,,,,,10400,
592-10,PISTON,0.0324,6496,6495,6494,6493,,,10393,
598-01,PISTON,0.0413,6487,6486,6485,6484,,15622,10390,
598-03,PISTON,0.0385,22473,22475,22474,22477,,22479,,
598-04A,PISTON,0.0385,,,,,,,10368,
598-05,PISTON,0.0413,6480,6479,6478,6477,,15623,10388,
598-06,PISTON,0.0411,6462,6461,6460,6459,,,10370,
598-07,PISTON,0.0417,6454,6453,6452,6451,,,10366,
598-08A,PISTON,0.0385,,,,,,11814,10372,
598-09A,PISTON,0.0385,,,,,,,10374,
598-10A,PISTON,0.0385,,,,,,,10357,
598-11,PISTON,0.0404,6441,6440,6439,6438,,,10358,
598-12A,PISTON,0.0385,,,,,,,10375,
598-13,PISTON,0.0404,13230,13231,13232,13233,,13655,13228,
598-14A,PISTON,0.0385,,,,,,,10377,
598-15A,PISTON,0.0385,,,,,,,10379,
598-16A,PISTON,0.0385,,,,,,,10381,
598-17A,PISTON,0.0385,,,,,,,10382,
598-18A,PISTON,0.0385,,,,,,,10383,
598-19A,PISTON,0.0385,,,,,,,10384,
598-20,PISTON,0.0411,11427,11428,11429,11430,,,10386,
598-21,PISTON,0.0401,6431,6430,6429,6428,,6424,14125,
598-22,PISTON,0.0402,6423,6422,6421,6420,,19872,10353,
598-23,PISTON,0.0403,6416,6415,6414,6413,,,10351,
598-24A,PISTON,0.0385,,,,,,,10387,
598-25,PISTON,0.0399,6409,6408,6407,6406,,6402,10350,
598-26,PISTON,0.04,6401,6400,6399,6398,,15624,10347,
598-27A,PISTON,0.0385,,,,,,,10364,
598-28,PISTON,0.0387,6394,6393,6392,6391,,6387,14235,
598-29,PISTON,0.0385,6386,6385,6384,6383,,6379,10345,
598-31A,PISTON,0.0385,,,,,,12763,21647,
598-51A,PISTON,0.0385,,,,,,6488,10392,
598-99,PISTON,0.0385,22121,22122,22123,22124,,22128,,
600-00,BUSH,0.00494,6378,6377,6374,,,,,
601-00,PIN,0.00457,6372,6371,,,,,,
603-00,COLLAR,0.0108,6366,6365,6364,,,,,
604-00,COLLAR,0.014,6361,6360,6359,,,,,
605-00,CONTROL SLEEVE,0.0295,6357,6356,6354,,,,,
606-00,CONTROL SLEEVE,0.0205,6349,6348,6346,,,,,
606-01,CONTROL SLEEVE,0.0216,6341,6340,6338,,,,,
607-00,CONTROL SLEEVE,0.0205,6333,6332,6330,,,,,
614-01,GAS SPRING PISTON,0.021,6325,6324,,,,,10336,
614-02,GAS SPRING PISTON,0.021,6321,6320,,,,,10335,
614-03,GAS SPRING PISTON,0.0203,6317,6316,,,,,10334,
614-04,GAS SPRING PISTON,0.0203,6313,6312,,,,,10333,
614-05,GAS SPRING PISTON,0.0204,6309,6308,,,,,,
616-00,SUB VALVE BODY,0.0133,11597,11598,11599,,,,,
616-05A,SUB VALVE BODY,0.0133,6305,6304,6303,,,,10331,
616-06A,SUB VALVE BODY,0.0133,6299,6298,6297,,,,10330,
616-07A,SUB VALVE BODY,0.0133,6293,6292,6291,,,,10329,
616-08A,SUB VALVE BODY,0.0133,4799,4798,4797,,,,9894,
616-09A,SUB VALVE BODY,0.0133,4793,4792,4791,,,,9893,
616-10A,SUB VALVE BODY,0.0133,4787,4786,4785,,,,9892,
623-00,COLLAR ROD,0.01,4780,4779,4778,,,,,
626-00,"REB,RETAINER",0.0066,4776,4775,4772,,,,9890,
634-01,RACK STOPPER,0.0668,4771,4770,,,,,9889,
635-00,SUPPORT YOKE ASS'Y,0.073,4766,4765,4764,,4763,,,
638-01,SLEEVE,0.0115,4762,4761,4758,,,,,
638-02,SLEEVE,0.0115,4756,4755,4752,,,,,
639-01,PISTON,0.0572,4750,4749,,,,,,
640-00,GEAR SENSING,0.047,4746,4745,,,,,,
648-01,BODY,0.0303,4740,4739,4738,,,,9882,
651-00,HEAD,0.0568,4737,4736,,,,,,
651-02,HEAD,0.0563,4732,4731,,,,,,
655-01,RACK STOPPER,0.0397,4727,4726,,,,,9879,
656-00,"COMP,RETAINR",0.0082,4721,4720,4718,,,,9877,
656-01A,"COMP,RETAINER",0.0082,,,,,,,9878,
659-07,ROD GUIDE ASS'Y,0.086,4707,4706,4704,,4703,,9873,
659-08,ROD GUIDE ASS'Y,0.089,4701,4700,4698,,4697,,9871,
660-00,PORT PIECE,0.0016,4696,4695,,,,,,
660-02,PORT PIECE,0.0014,4693,4692,,,,,,
661-00,BODY,0.0297,4687,4686,4685,,,,,
661-01,BODY,0.0302,4681,4680,4679,,,,19108,
661-02A,BODY,0.03,,,,,,,18162,
661-03,BODY,0.0301,4676,4675,4674,,,,20520,
661-04,BODY,0.0302,4667,4666,4665,,,,9841,
661-05,BODY,0.0302,4659,4658,4657,,,,19002,
661-06,BODY,0.0302,4653,4652,4651,,,,15014,
661-07,BODY,0.0302,4648,4647,4646,,,,9821,
661-08,BODY,0.0307,4644,4643,4642,,,,9819,
661-09A,BODY,0.03,4640,4639,4638,,,,,
661-10,BODY,0.0293,4635,4634,4633,,,,22985,
661-12,BODY,0.03,4631,4630,4629,,,,19109,
661-13,BODY,0.0297,4627,4626,4625,,,,22976,
661-14,BODY,0.0294,4623,4622,4621,,,,22982,
661-15,BODY,0.0299,4617,4616,4615,,,,14531,
661-16,BODY,0.0302,4613,4612,4611,,,,18382,
661-17,BODY,0.0302,4609,4608,4607,,,,12760,
661-18A,BODY,0.03,,,,,,,9844,
661-19A,BODY,0.03,,,,,,,12928,
661-20A,BODY,0.03,,,,,,,9847,
661-21,BODY,0.0302,4604,4603,4602,,,,9784,
661-22,BODY,0.0302,13843,13844,13845,,,,22983,
661-23,BODY,0.0301,21133,21134,21135,,,,22977,
661-25A,BODY,0.03,,,,,,,9786,
661-26A,BODY,0.03,,,,,,,9837,
661-27A,BODY,0.03,,,,,,,9848,
661-28,BODY,0.0301,4600,4599,4598,,,,13663,
661-29,BODY,0.03,4596,4595,4594,,,,14247,
661-30A,BODY,0.03,,,,,,,14101,
661-31A,BODY,0.03,,,,,,,19211,
661-32A,BODY,0.03,,,,,,,15335,
661-33A,BODY,0.03,,,,,,,16453,
661-51A,BODY,0.03,,,,,,,9865,
667-00,CONTROL SLEEVE,0.035,4592,4591,4589,,,,,
668-02,CON-ROD,0.0259,4587,4586,4583,,,,,
669-04,ROD GUIDE ASS'Y,0.115,4581,4580,4578,,4577,,,
669-05,ROD GUIDE ASS'Y,0.099,23163,23164,23166,,23167,,23162,
669-55,ROD GUIDE ASS'Y,0.099,23253,23254,23255,,23257,,23252,
670-03,ROD GUIDE ASS'Y,0.082,23511,23512,23515,,20442,,23616,
671-01,PISTON,0.0281,4552,4551,4550,4549,,4538,9759,
671-02,PISTON,0.0267,4537,4536,4535,4534,,19858,9756,
671-05,PISTON,0.0261,4530,4529,4528,4527,,4516,,
671-06,PISTON,0.0259,4514,4513,4512,4511,,4500,,
671-07,PISTON,0.0282,4499,4498,4497,4496,,,9743,
671-08,PISTON,0.0259,4492,4491,4490,4489,,,,
671-08A,PISTON,0.0259,,,,,,13888,9749,
671-51,PISTON,0.0301,4483,4482,4481,4480,,4476,9739,
671-52A,PISTON,0.0301,,,,,,4484,9740,
671-53A,PISTON,0.0301,,,,,,13812,13810,
671-54A,PISTON,0.0301,,,,,,20379,20377,
672-01,PISTON,0.0625,4471,4470,4469,,,,9736,
672-02A,PISTON,0.0415,,,,,,,9737,
672-03A,PISTON,0.0415,,,,,,,9738,
673-01,PISTON,0.0415,4467,4466,4465,4464,,4453,9733,
673-02,PISTON,0.0396,4452,4451,4450,4449,,,9730,
673-05,PISTON,0.0381,4445,4444,4443,4442,,4431,21089,
673-06,PISTON,0.0391,4430,4429,4428,4427,,4416,9723,
673-08,PISTON,0.041,4415,4414,4413,4412,,4401,16787,
673-10,PISTON,0.0433,4400,4399,4398,4397,,,,
673-12,PISTON,0.0433,4393,4392,4391,4390,,,9716,
673-13,PISTON,0.04,4386,4385,4384,4383,,,9713,
673-14,PISTON,0.0426,4379,4378,4377,4376,,,9711,
673-15,PISTON,0.0425,4372,4371,4370,4369,,,9710,
673-16,PISTON,0.0386,4365,4364,4363,4362,,,9709,
673-17,PISTON,0.042,4358,4357,4356,4355,,,,
674-01,"REB,RETAINER",0.0088,4351,4350,4349,,,,9704,
674-02,"REB,RETAINER",0.0084,4346,4345,4344,,,,9702,
674-04,"REB,RETAINER",0.0092,4341,4340,4339,,,,,
674-05,"REB,RETAINER",0.0092,4336,4335,4334,,,,,
675-00,CONTROL SLEEVE,0.0341,14786,14785,14783,,,,,
678-02,SLIDE BUSH,0.045,4325,4324,4321,,,,,
678-04,SLIDE BUSH,0.0577,4319,4318,4315,,,,,
678-05,SLIDE BUSH,0.0433,4313,4312,4309,,,,,
680-03,ROD GUIDE ASS'Y,0.092,4302,4301,4299,,4298,,9694,
682-02,PISTON,0.0477,4295,4294,4293,,,,9689,
682-04A,PISTON,0.0477,,,,,,,9690,
685-02,"REB,RETAINER",0.0055,4289,4288,4285,,,,9687,
685-04,"REB,RETAINER",0.0053,4284,4283,4280,,,,9686,
685-05A,"REB,RETAINER",0.0053,,,,,,,9688,
686-01,"COMP,RETAINR",0.0084,4279,4278,4276,,,,9685,
686-02,"COMP,RETAINR",0.0094,4275,4274,4272,,,,9684,
687-01,"COMP,RETAINR",0.0083,4271,4270,4268,,,,9683,
687-02,"COMP,RETAINR",0.0079,4267,4266,4264,,,,9681,
687-03,"COMP,RETAINR",0.0081,4263,4262,4260,,,,9679,
688-00,"REB,RETAINER",0.0077,4259,4258,4255,,,,9678,
690-01,"COMP,RETAINR",0.0087,3487,3486,3484,,,,9460,
690-02,"COMP,RETAINR",0.0086,3483,3482,3480,,,,9458,
696-00,ROD GUIDE ASS'Y,0.0724,3479,3478,3476,,3475,,,
696-02,ROD GUIDE ASS'Y,0.0724,3474,3473,3471,,3470,,,
703-00,"REB,RETAINER",0.00996,3469,3468,3465,,,,,
704-00,PISTON,0.0613,3463,3462,3461,,,,,
704-02,PISTON,0.0613,3456,3455,3454,,,,,
707-00,PISTON,0.0474,3451,3450,3449,,,,,
707-01,PISTON,0.0474,3446,3445,3444,,,,9448,
708-02,SLIDE BUSH,0.0545,3441,3440,3437,,,,,
708-03,SLIDE BUSH,0.0526,3435,3434,3431,,,,,
708-04,SLIDE BUSH,0.0557,3429,3428,3425,,,,,
708-05,SLIDE BUSH,0.0545,3423,3422,3419,,,,,
708-06,SLIDE BUSH,0.0594,3417,3416,3413,,,,,
709-00,CONTOL SLEEVE,0.0295,3411,3410,3407,,,,,
710-01,RACK STOPPER,0.077,3402,3401,,,,,9441,
712-00,"VALVE,PISTON",0.0275,3372,3371,3370,12221,,,,
712-02A,VALVE PISTON,0.0275,,,,,,3373,12195,
712-03A,VALVE PISTON,0.0275,,,,,,3376,12196,
712-05A,PISTON,0.0275,,,,,,3379,,
712-08,PISTON,0.0275,,,,,,3386,,
712-08A,VALVE PISTON,0.0275,,,,,,3384,12202,
712-09A,"VALVE,PISTON",0.0275,,,,,,12260,12199,
712-12A,"VALVE,PISTON",0.0275,,,,,,12262,12200,
712-14A,VALVE PISTON,0.0275,,,,,,3396,12201,
712-15A,VALVE PISTON,0.0275,,,,,,19521,19517,
714-01,PISTON,0.0545,3364,3363,3362,3361,,3350,9420,
714-02A,PISTON,0.0545,,,,,,16204,22996,
714-03A,PISTON,0.0545,,,,,,11330,18660,
714-04A,PISTON,0.0545,,,,,,16215,16214,
718-00,"BUSH,SPACER",0.0021,3349,3348,3345,,,,,
720-00,PISTON,0.0282,3337,3336,3335,,,,,
721-01,PISTON,0.0322,3332,3331,3330,,,,,
722-00,BASE VALVE,0.0365,3327,3326,3325,,,,,
723-00,BASE VALVE,0.022,3323,3322,3321,,,,,
724-04,PISTON,0.036,3319,3318,3317,,,,9411,
724-08,PISTON,0.0363,3314,3313,3312,,,,,
724-18A,PISTON,0.0363,,,,,,,10541,
725-01,PISTON,0.0445,3309,3308,3307,,,,,
726-05,ROD GUIDE ASS'Y,0.12,3303,3302,3300,,3299,,,
726-06,ROD GUIDE ASS'Y,0.103,3298,3297,3295,,3294,,,
726-07,ROD GUIDE ASS'Y,0.0925,3293,3292,3290,,3289,,9402,
726-55,ROD GUIDE ASS'Y,0.13,23522,23523,23525,,3283,,23516,
727-00,BODY,0.0362,3281,3280,3279,,,,,
727-01,BODY,0.0367,3270,3269,3268,,,,9389,
727-02A,BODY,0.0362,,,,,,,15019,
727-03,BODY,0.0366,3266,3265,3264,,,,22466,
727-04,BODY,0.0365,3262,3261,3260,,,,9384,
727-05,BODY,0.0364,3258,3257,3256,,,,22824,
727-06,BODY,0.0362,3254,3253,3252,,,,9379,
727-07A,BODY,0.0362,,,,,,,9397,
727-09,BODY,0.0367,3250,3249,3248,,,,9378,
727-10,BODY,0.0364,3246,3245,3244,,,,14837,
727-11,BODY,0.0362,3242,3241,3240,,,,9376,
727-12,BODY,0.0363,3238,3237,3236,,,,9375,
727-14,BODY,0.026,3234,3233,3232,,,,,
727-14A,BODY,0.026,,,,,,,9398,
732-02,GAS SPRING PISTON,0.0044,3230,3229,,,,,,
732-03,GAS SPRING PISTON,0.0044,3226,3225,,,,,,
735-00,BODY,0.0275,3222,3221,3220,,,,,
735-01,BODY,0.0275,3218,3217,3216,,,,21410,
736-00,ROD GUIDE ASS'Y,0.089,3215,3214,3212,,3211,,,
742-02,STOPPER VALVE,0.0043,3210,3209,,,,,,
749-01,"REB,RETAINER",0.00996,3207,3206,3205,,,,9365,
749-02,"REB,RETAINER",0.00971,3202,3201,3200,,,,9362,
749-03,"REB,RETAINER",0.01007,3197,3196,3195,,,,9361,
749-04,"REB,RETAINER",0.0101,3192,3191,3190,,,,9356,
749-05,"REB,RETAINER",0.01005,3187,3186,3185,,,,9354,
749-06,"REB,RETAINER",0.00991,3182,3181,3180,,,,9350,
749-07,"REB,RETAINER",0.01001,3177,3176,3175,,,,16463,
749-09,"REB,RETAINER",0.01008,3171,3170,3169,,,,9341,
749-10,"REB,RETAINER",0.00999,3166,3165,3164,,,,9339,
749-11,"REB,RETAINER",0.01007,3161,3160,3159,,,,16788,
749-12,"REB,RETAINER",0.01005,3156,3155,3154,,,,11265,
749-13,"REB,RETAINER",0.01008,3150,3149,3148,,,,9331,
749-14A,"REB,RETAINER",0.01008,,,,,,,12945,
749-15,"REB,RETAINER",0.0101,3145,3144,3143,,,,9324,
749-16,"REB,RETAINER",0.00981,3140,3139,3138,,,,9321,
749-17,"REB,RETAINER",0.01006,3135,3134,3133,,,,9318,
749-18,"REB,RETAINER",0.0099,3130,3129,3128,,,,,
749-19,"REB,RETAINER",0.0101,11270,11271,11272,,,,11266,
749-20A,"REB,RETAINER",0.0101,,,,,,,16464,
758-00,ROD GUIDE ASS'Y,0.06,3125,3124,3122,,3121,,9315,
759-01,BODY,0.0283,3120,3119,3118,,,,,
767-00,ROD GUIDE ASS'Y,0.096,3117,3116,3113,,3112,,,
768-01,CON-ROD,0.0269,3111,3110,3107,,,,,
769-00,ROD GUIDE ASS'Y,0.09,3105,3104,3102,,3101,,,
771-00,"BUSH,SPACER",0.0046,3100,3099,3096,,,,,
773-00,PISTON,0.0347,3088,3087,3086,,,,,
783-00,ROD GUIDE ASS'Y,0.084,3083,3082,3080,,3079,,,
783-01,ROD GUIDE ASS'Y,0.079,3078,3077,3075,,3074,,,
784-00,RACK STOPPER,0.0624,3073,3072,3071,,,,9304,
784-01,RACK STOPPER,0.0833,3068,3067,3066,,,,9303,
784-02,RACK STOPPER,0.0731,3063,3062,3061,,,,,
785-01,BODY,0.0315,3057,3056,3055,,,,9299,
785-02,BODY,0.0305,3050,3049,3048,,,,9293,
785-04A,BODY,0.0232,,,,,,,9301,
785-05A,BODY,0.0232,,,,,,,9296,
785-06A,BODY,0.0232,,,,,,,9297,
785-07A,BODY,0.0232,,,,,,,9298,
785-08A,BODY,0.0232,,,,,,,17601,
785-09A,BODY,0.0232,,,,,,,17602,
785-10A,BODY,0.0232,,,,,,,22934,
785-11A,BODY,0.0232,,,,,,,22933,
785-12A,BODY,0.0232,,,,,,,23619,
785-13A,BODY,0.0232,,,,,,,23708,
786-01,BODY,0.0275,3044,3043,3042,,,,9289,
786-02,BODY,0.0273,3039,3038,3037,,,,19310,
786-03,BODY,0.0278,20964,20965,20966,,,,21054,
786-04,BODY,0.0276,3031,3030,3029,,,,19996,
786-05,BODY,0.0275,3027,3026,3025,,,,,
786-05A,BODY,0.0275,,,,,,,9290,
786-06,BODY,0.0278,3021,3020,3019,,,,9267,
786-07,BODY,0.0273,3017,3016,3015,,,,19598,
786-08,BODY,0.0277,3012,3011,3010,,,,19112,
786-09,BODY,0.0272,3008,3007,3006,,,,23121,
786-10A,BODY,0.0275,,,,,,,19178,
786-11A,BODY,0.0275,,,,,,,9291,
786-12,BODY,0.0275,1714,1713,1712,,,,16333,
786-13,BODY,0.0273,1710,1709,1708,,,,8906,
786-14,BODY,0.0282,1706,1705,1704,,,,8903,
786-15A,BODY,0.0232,,,,,,,23672,
786-16A,BODY,0.0233,,,,,,,9258,
786-17A,BODY,0.0234,,,,,,,20981,
786-18,BODY,0.0235,20071,20072,20073,,,,20075,
786-19A,BODY,0.0236,,,,,,,14367,
786-20,BODY,0.0237,20104,20105,20106,,,,20103,
786-21,BODY,0.0238,15277,15278,15279,,,,15276,
786-22,BODY,0.0239,19753,19754,19755,,,,20064,
787-01,BODY,0.024,1697,1696,1695,,,,8894,
787-02,BODY,0.0241,1694,1693,1692,,,,8891,
787-03,BODY,0.0246,1687,1686,1685,,,,8884,
787-04,BODY,0.0243,1683,1682,1681,,,,8881,
787-05,BODY,0.0241,1679,1678,1677,,,,8878,
787-06,BODY,0.0239,1673,1672,1671,,,,8867,
787-07,BODY,0.0235,1670,1669,1668,,,,8872,
787-08A,BODY,0.0232,,,,,,,8885,
787-10,BODY,0.0243,1667,1666,1665,,,,8862,
787-11A,BODY,0.0232,,,,,,,8895,
787-12,BODY,0.0245,1664,1663,1662,,,,8861,
787-13,BODY,0.0245,1659,1658,1657,,,,8857,
787-14A,BODY,0.0232,,,,,,,8859,
787-15A,BODY,0.0232,,,,,,,8860,
787-16,BODY,0.0235,1656,1655,1654,,,,8856,
787-17,BODY,0.0232,1653,1652,1651,,,,8854,
787-18A,BODY,0.0232,,,,,,,8896,
787-19,BODY,0.0244,1650,1649,1648,,,,8853,
787-20A,BODY,0.0244,,,,,,,8898,
787-21A,BODY,0.0244,,,,,,,8899,
787-22A,BODY,0.0244,,,,,,,20067,
787-23A,BODY,0.0244,,,,,,,19168,
793-00,GAS SPRING PISTON,0.022,1647,1646,,,,,8852,
797-00,BODY,0.037,1640,1639,1638,,,,,
797-01,BODY,0.0368,1632,1631,1630,,,,8840,
797-02,BODY,0.0365,1628,1627,1626,,,,8837,
797-03,BODY,0.0362,1624,1623,1622,,,,12847,
797-04,BODY,0.036,1620,1619,1618,,,,8830,
797-05A,BODY,0.037,,,,,,,21253,
797-06,BODY,0.0373,1616,1615,1614,,,,8827,
797-07,BODY,0.0366,1612,1611,1610,,,,8825,
797-08,BODY,0.0371,1605,1604,1603,,,,21104,
797-09,BODY,0.0373,1600,1599,1598,,,,8816,
797-11,BODY,0.0366,1596,1595,1594,,,,,
797-11A,BODY,0.037,,,,,,,8820,
797-12,BODY,0.037,1590,1589,1588,,,,8810,
797-13,BODY,0.0368,1586,1585,1584,,,,8809,
797-14A,BODY,0.037,,,,,,,8812,
797-15,BODY,0.037,1582,1581,1580,,,,8807,
797-16,BODY,0.0358,1578,1577,1576,,,,14320,
797-17A,BODY,0.0358,,,,,,,18605,
797-18,BODY,0.0358,14305,14306,14307,,,,14532,
797-19,BODY,0.0358,15169,15170,15171,,,,15253,
797-20,BODY,0.0358,14273,14274,14275,,,,14930,
798-00,ROD GUIDE ASS'Y,0.082,1574,1573,1571,,1570,,,
798-02,ROD GUIDE ASS'Y,0.0855,1564,23141,20473,,20000,,23150,
799-00,PUMP BODY,0.2105,20325,20326,,,,,,
799-02,PUMP BODY,0.2625,20329,20330,,,,,,
800-01,PISTON,0.0461,1551,1550,1549,1548,,1537,8787,
800-02,PISTON,0.0456,1536,1535,1534,1533,,1522,8784,
800-51,PISTON,0.0456,21824,21825,21826,21827,,21830,21823,
800-51A,PISTON,0.0456,,,,,,15204,,
800-53,PISTON,0.0456,18489,18490,18491,18492,,18496,,
800-54,PISTON,0.0456,18781,18782,18783,18784,,18788,,
800-55A,PISTON,0.0456,,,,,,18789,18780,
803-01,"REB,RETAINER",0.0042,1521,1520,1519,,,,,
804-01,"COMP,RETAINR",0.0081,1517,1516,1514,,,,8779,
807-01,"REB,RETAINER",0.00435,1505,1504,1503,,,,8768,
807-02,"REB,RETAINER",0.0045,1500,1499,1498,,,,8767,
807-04A,"REB,RETAINER",0.00435,,,,,,,8770,
807-05,"REB,RETAINER",0.00445,1495,1494,1493,,,,19267,
807-06,"REB,RETAINER",0.00435,1490,1489,1488,,,,8761,
807-07,"REB,RETAINER",0.0044,1484,1483,1482,,,,19268,
807-08,"REB,RETAINER",0.0043,1479,1478,1477,,,,18866,
807-09,"REB,RETAINER",0.0044,15592,15593,15594,,,,20516,
807-10A,"REB,RETAINER",0.0045,,,,,,,8775,
807-11,"REB,RETAINER",0.0045,11280,11281,11282,,,,17105,
807-51,"REB,RETAINER",0.0045,1474,1473,1472,,,,8755,
807-51A,"REB,RETAINER",0.0045,,,,,,,8776,
817-00,RETAINER GUIDE ASS'Y,0.0376,1465,1464,1463,,,,8753,
818-00,VALVE RETAINER,0.0372,1444,1443,1442,,,,,
818-02,VALVE RETAINER,0.0372,1438,1437,1436,,,,,
818-03,VALVE RETAINER,0.0372,1434,1433,1432,,,,,
818-04,VALVE RETAINER,0.0372,1430,1429,1428,,,,,
818-05,VALVE RETAINER,0.0372,1426,1425,1424,,,,,
823-00,COLLAR,0.00705,1422,1421,,,,,,
825-00,RACK STOPPER,0.0751,1417,1416,1415,,,,8741,
829-00,HUB,0.012,1412,1411,,,,,8740,
829-01,HUB,0.0114,1408,1407,,,,,15569,
829-02,HUB,0.0114,1404,1403,,,,,,
829-03,HUB,0.009,1400,1399,,,,,23445,
829-04,HUB,0.0046,1396,1395,,,,,23452,
829-05A,HUB(RS13),0.0046,,,,,,,23446,
830-00,GAS SPRING PISTON,0.0046,1392,1391,,,,,8731,
831-00,RACK STOPPER,0.1016,1389,1388,1387,,,,8730,
831-01,RACK STOPPER,0.1016,1384,1383,1382,,,,8729,
831-02,RACK STOPPER,0.1016,1379,1378,1377,,,,8728,
832-00,RACK STOPPER,0.0714,1374,1373,,,,,8727,
833-00,BACK UP WASHER,0.0177,11137,11138,,,,,,
834-00,SUPPORT YOKE ASS'Y,0.0864,1369,1368,1367,,1366,,8725,
835-00,SUPPORT YOKE ASS'Y,0.0575,1365,1364,1363,,1362,,8723,
846-00,"COMP,GUIDE ASS'Y",0.0282,1357,1356,1355,,,,8721,
847-00,VALVE RETNR,0.0356,1339,1338,1337,,,,,
847-02,VALVE RETNR,0.0356,1334,1333,1332,,,,,
847-03,VALVE RETNR,0.0356,1330,1329,1328,,,,,
847-04,VALVE RETNR,0.0356,1326,1325,1324,,,,,
847-05,VALVE RETNR,0.0356,1322,1321,1320,,,,,
848-01,PISTON,0.0375,1318,1317,1316,1315,,,8711,
849-01,ROD GUIDE ASS'Y,0.119,1311,1310,1308,,1307,,8710,
852-00,BODY,0.0282,1303,1302,1301,,,,,
852-04,BODY,0.0282,1298,1297,1296,,,,,
852-05,BODY,0.0281,1294,1293,1292,,,,,
852-06,BODY,0.028,1290,1289,1288,,,,,
852-07,BODY,0.0283,1286,1285,1284,,,,,
852-08,BODY,0.0281,7506,7505,7504,,,,,
852-09,BODY,0.0279,7502,7501,7500,,,,,
852-10,BODY,0.0283,7493,7492,7491,,,,,
852-12,BODY,0.0283,7486,7485,7484,,,,,
852-13,BODY,0.0284,7481,7480,7479,,,,10734,
852-14,BODY,0.0284,7477,7476,7475,,,,,
852-15,BODY,0.0282,7472,7471,7470,,,,15129,
852-16,BODY,0.028,7468,7467,7466,,,,11593,
852-18,BODY,0.0284,12090,12091,12092,,,,14190,
852-21,BODY,0.028,7464,7463,7462,,,,,
852-22,BODY,0.028,7460,7459,7458,,,,14947,
852-24A,BODY,0.028,,,,,,,10732,
852-25,BODY,0.028,15686,15687,15688,,,,,
852-50,BODY,0.028,7452,7451,7450,,,,,
853-00,"REB,RETAINER",0.00973,7446,7445,7444,,,,10718,
853-17,"REB,RETAINER",0.00952,7441,7440,7439,,,,20928,
853-18,"REB,RETAINER",0.0095,7434,7433,7432,,,,10709,
853-19,"REB,RETAINER",0.00974,7429,7428,7427,,,,10702,
853-20,"REB,RETAINER",0.00978,7419,7418,7417,,,,20154,
853-21,"REB,RETAINER",0.00962,7414,7413,7412,,,,19313,
853-22,"REB,RETAINER",0.00961,7409,7408,7407,,,,10680,
853-23,"REB,RETAINER",0.00957,7404,7403,7402,,,,19113,
853-24,"REB,RETAINER",0.00915,7399,7398,7397,,,,23003,
853-25,"REB,RETAINER",0.00932,7394,7393,7392,,,,20002,
853-26,"REB,RETAINER",0.00961,7388,7387,7386,,,,19114,
853-27,"REB,RETAINER",0.00971,7382,7381,7380,,,,20172,
853-28,"REB,RETAINER",0.00964,7377,7376,7375,,,,10645,
853-29,"REB,RETAINER",0.0095,7370,7369,7368,,,,21886,
853-30,"REB,RETAINER",0.00935,7365,7364,7363,,,,17824,
853-31,"REB,RETAINER",0.00961,7360,7359,7358,,,,,
853-31A,"REB,RETAINER",0.00961,,,,,,,10660,
853-32,"REB,RETAINER",0.00953,7355,7354,7353,,,,10633,
853-33,"REB,RETAINER",0.00957,7347,7346,7345,,,,14192,
853-34,"REB,RETAINER",0.00959,7342,7341,7340,,,,10625,
853-35,"REB,RETAINER",0.00957,7337,7336,7335,,,,,
853-35A,"REB,RETAINER",0.00957,,,,,,,10627,
853-36,"REB,RETAINER",0.0095,7330,7329,7328,,,,14191,
853-37,"REB,RETAINER",0.00978,14167,14168,14169,,,,18383,
853-38A,"REB,RETAINER",0.00978,,,,,,,10653,
853-39,"REB,RETAINER",0.00973,12096,12097,12098,,,,12095,
853-40,"REB,RETAINER",0.0098,7325,7324,7323,,,,19117,
853-41A,"REB,RETAINER",0.0098,,,,,,,13889,
853-42,"REB,RETAINER",0.00945,7319,7318,7317,,,,18867,
853-43,"REB,RETAINER",0.00978,7314,7313,7312,,,,,
853-43A,"REB,RETAINER",0.00978,,,,,,,10694,
853-44,"REB,RETAINER",0.009,7308,7307,7306,,,,21887,
853-45,"REB,RETAINER",0.009,7303,7302,7301,,,,10609,
853-46,"REB,RETAINER",0.0094,7297,7296,7295,,,,23004,
853-47,"REB,RETAINER",0.009,7292,7291,7290,,,,16497,
853-48,"REB,RETAINER",0.00945,14142,14143,14144,,,,23707,
853-49A,"REB,RETAINER",0.00945,,,,,,,10698,
853-50A,"REB,RETAINER",0.00945,,,,,,,10623,
853-51,"REB,RETAINER",0.00945,7286,7285,7284,,,,,
853-51A,"REB,RETAINER",0.00945,,,,,,,12953,
853-53A,"REB,RETAINER",0.00945,,,,,,,13934,
853-54,"REB,RETAINER",0.00945,19316,19317,19318,,,,19553,
853-55,"REB,RETAINER",0.00945,18482,18483,18484,,,,23010,
853-56A,"REB,RETAINER",0.00945,,,,,,,22783,
853-57A,"REB,RETAINER",0.00945,,,,,,,16455,
853-58A,"REB,RETAINER",0.00945,,,,,,,19172,
854-00,RACK STOPPER,0.0666,7281,7280,7279,,,,10601,
855-00,"COMP,RETAINR",0.0167,7276,7275,7273,,,,10600,
859-00,HUB,0.0583,7272,7271,,,,,,
859-01,HUB,0.0114,7268,7267,,,,,10597,
859-02,HUB,0.0103,7264,7263,,,,,23453,
861-00,BODY,0.0155,7236,7235,7234,,,,,
861-01,BODY,0.0158,7230,7229,7228,,,,19118,
861-02A,BODY,0.0158,,,,,,,10586,
861-03A,BODY,0.0158,,,,,,,10587,
861-04A,BODY,0.0158,,,,,,,21838,
861-05,BODY,0.0155,7222,7221,7220,,,,19997,
861-06,BODY,0.0154,7217,7216,7215,,,,18825,
861-07,BODY,0.0157,7212,7211,7210,,,,19266,
861-08,BODY,0.0165,16998,16997,16996,,,,16993,
861-09,BODY,0.0161,7207,7206,7205,,,,10572,
861-10A,BODY,0.0165,,,,,,,18695,
861-11A,BODY,0.0165,,,,,,,18696,
861-12A,BODY,0.0165,,,,,,,18694,
861-13,BODY,0.0165,22610,22611,22612,,,,23123,
861-14A,BODY,0.0165,,,,,,,20732,
861-15,BODY,0.0165,14062,14063,14064,,,,19173,
861-16,BODY,0.0165,21481,21482,21483,,,,21888,
861-17A,BODY,0.0165,,,,,,,18699,
861-18,BODY,0.0165,20008,20009,20010,,,,20003,
861-19A,BODY,0.0165,,,,,,,22129,
861-20,BODY,0.0165,15882,15883,15884,,,,18938,
861-20A,BODY,0.0165,,,,,,,14540,
861-21A,BODY,0.0165,,,,,,,19120,
861-22A,BODY,0.0165,,,,,,,21201,
861-51,BODY,0.0155,7202,7201,7200,,,,10571,
862-01,ROD GUIDE ASS'Y,0.057,7192,7191,7189,,7188,,10568,
862-02,ROD GUIDE ASS'Y,0.051,7187,7186,7184,,7183,,10566,
864-00,SLIDE BUSH,0.068,7182,7181,7178,,,,,
864-01,SLIDE BUSH,0.068,7176,7175,7172,,,,,
864-03,SLIDE BUSH,0.068,7170,7169,7166,,,,,
867-01,SLEEVE,0.0186,7164,7163,7160,,,,,
867-02,SLEEVE,0.0129,7158,7157,7154,,,,,
867-03,SLEEVE,0.01803,7152,7151,7148,,,,,
867-04,SLEEVE,0.01997,7146,7145,7142,,,,,
867-05,SLEEVE,0.01096,7140,7139,7136,,,,,
868-01,CON-ROD,0.0225,7134,7133,7130,,,,,
868-02,CON-ROD,0.0227,7128,7127,7124,,,,,
868-03,CON-ROD,0.0225,7122,7121,7118,,,,,
871-00,SEAT DAMPER BODY,0.0131,7116,7115,,,,,10551,
878-00,BODY,0.0282,21062,21063,21064,,,,21061,
878-02,BODY,0.0291,20973,20974,20975,,,,20988,
878-03A,BODY,0.0291,,,,,,,21109,
878-04A,BODY,0.0291,,,,,,,21137,
878-05,BODY,0.0291,21329,21330,21331,,,,21328,
878-06A,BODY,0.0291,,,,,,,21006,
878-07A,BODY,0.0291,,,,,,,21356,
878-08A,BODY,0.0291,,,,,,,20972,
878-09A,BODY,0.0291,,,,,,,21232,
878-50,BODY,0.02915,21110,21111,21112,,,,,
882-02,HEAD,0.0417,7092,7091,,,,,,
882-03,HEAD,0.0417,5552,5551,,,,,,
882-04,VALVE PLATE,0.0417,5547,5546,,,,,,
882-05,VALVE PLATE,0.0417,5542,5541,,,,,,
885-00,SENSOR RING,0.0341,5537,5536,5535,,,,10108,
886-00,SLIDE BUSH,0.0776,5532,5531,5528,,,,,
893-01,PISTON,0.069,5516,5515,5514,,,,11217,
893-03A,PISTON,0.069,,,,,,,11219,
893-05A,PISTON,0.069,,,,,,,11221,
893-06A,PISTON,0.069,,,,,,,11222,
894-01,PISTON,0.113,5509,5508,5507,,,,11237,
894-02A,PISTON,0.113,,,,,,,11238,
895-01,BODY,0.0507,5500,5499,5498,,,,10095,
895-02A,BODY,0.0507,,,,,,,10096,
895-03A,BODY,0.0507,,,,,,,10097,
896-01,BODY,0.0847,5493,5492,5491,,,,10091,
896-02,BODY,0.0847,,,,,,,14324,
896-02A,BODY,0.0847,,,,,,,10093,
904-00,CLUTCH GEAR,0.338,5472,5471,5470,,,,,
904-01,CLUTCH GEAR,0.339,5468,5467,5466,,,,,
904-03,CLUTCH GEAR,0.3275,5464,5463,5462,,,,,
905-03,CLUTCH GEAR,0.274,5448,5447,5446,,,,10080,
908-00,ROD GUIDE,0.114,5444,5443,5441,,,,10079,
909-00,ROD GUIDE,0.096,5439,5438,5436,,,,10078,
910-00,ROD GUIDE,0.0798,5435,5434,5432,,,,10077,
911-00,GEAR SINTERING,0.154,5430,5429,,,,,10076,
912-00,HUB,0.249,14698,14699,,,,,,
913-00,HUB,0.179,14702,14703,,,,,,
914-00,HUB,0.149,14706,14707,,,,,,
915-00,HUB,0.277,5418,5417,,,,,,
916-00,HUB,0.179,5415,5414,,,,,,
917-00,HUB,0.187,5412,5411,,,,,,
922-00,ROD GUIDE,0.0497,5409,5408,5406,,,,10068,
923-00,ROD GUIDE,0.095,5404,5403,5401,,,,,
927-00,POLE PIECE ST,0.07,5399,5398,5396,,,,10065,
928-00,ROD GUIDE,0.0496,5394,5393,5391,,,,10064,
932-00,RACK STOPPER,0.0994,5389,5388,,,,,10063,
937-00,TRANSVERSE PIN,0.00226,5384,5383,,,,,10062,
938-00,RACK STOPPER,0.0351,5379,5378,5377,,,,10060,
939-00,STOP PLATE,0.0151,5374,5373,,,,,,
940-00,PLANE WASHER,0.00182,5371,5370,,,,,,
942-00,BEARG SPACER,0.1831,5367,5366,,,,,,
944-00,RACK STOPPER,0.0513,5364,5363,,,,,10055,
945-00,CAP,0.0096,5359,5358,,,,,,
947-00,VALVE RETAINER,0.0372,5345,5344,5343,,,,,
947-03A,VALVE RETAINER,0.0372,,,,,,,10050,
947-04A,VALVE RETAINER,0.0372,,,,,,,10051,
947-05A,VALVE RETAINER,0.0372,,,,,,,10052,
947-06A,VALVE RETAINER,0.0372,,,,,,,10053,
948-00,VALVE RETAINER,0.0372,5309,5308,5307,,,,,
948-02A,VALVE RETAINER,0.0372,,,,,,,10039,
948-03A,VALVE RETAINER,0.0372,,,,,,,10040,
948-04A,VALVE RETAINER,0.0372,,,,,,,10041,
948-05A,VALVE RETAINER,0.0372,,,,,,,10042,
948-06A,VALVE RETAINER,0.0372,,,,,,,10043,
948-07A,VALVE RETAINER,0.0372,,,,,,,10044,
948-08A,VALVE RETAINER,0.0372,,,,,,,10045,
948-09A,VALVE RETAINER,0.0372,,,,,,,10046,
948-10A,VALVE RETAINER,0.0372,,,,,,,10047,
948-11A,VALVE RETAINER,0.0372,,,,,,,10048,
948-12A,VALVE RETAINER,0.0372,,,,,,,10049,
949-00,SAMPLING CASE,0.188,19260,19261,,,,,,
950-00,SUPPORT YOKE ASS'Y,0.0575,5299,5298,5297,,5296,,,
952-00,HUB,0.0067,5295,5294,,,,,15566,
954-00,RACK STOPPER,0.0958,5291,5290,5289,,,,10035,
955-00,HUB,0.0095,5286,5285,,,,,23476,
955-01,HUB(VQ),0.0095,5282,5281,,,,,10030,
955-02,HUB,0.0512,5278,5277,,,,,,
955-03,HUB,0.0095,5274,5273,,,,,23455,
957-00,LOCK BODY ASS'Y,0.0165,5270,5269,,,,,,
957-01,LOCK BODY ASS'Y,0.0165,5264,5263,,,,,10025,
958-00,FIXED GEAR,0.047,5258,5257,,,,,10024,
960-01,CON-ROD,0.0201,5254,5253,5250,,,,,
961-00,GUIDE WASHER,0.00232,5248,5247,,,,,10018,
962-01,PISTON,0.047,5244,5243,5242,5241,,,10017,
963-01,BODY,0.0435,5238,5237,5236,,,,10016,
964-01,ROD GUIDE ASS'Y,0.104,5235,5234,5232,,5231,,10015,
964-02,ROD GUIDE ASS'Y,0.104,5230,5229,5227,,19895,,19894,
965-02,VALVE RETAINER,0.036,5225,5224,5223,,,,10013,
965-03,VALVE RETAINER,0.036,5219,5218,5217,,,,,
965-03A,VALVE RETAINER,0.036,,,,,,,10012,
966-00,"COMP,GUIDE ASS'Y",0.0282,5213,5212,5211,,,,10011,
970-00,REACTION BLOCK,0.235,13400,13401,,,,,,
970-01A,REACTION BLOCK,0.235,,,,,,,13397,
970-02A,REACTION BLOCK,0.235,,,,,,,13398,
970-03A,REACTION BLOCK,0.235,,,,,,,13399,
970-04,REACTION BLOCK,0.235,13380,13381,,,,,18031,
970-05A,REACTION BLOCK,0.235,,,,,,,18036,
972-00,ROD GUIDE ASS'Y,0.0782,5184,5183,20435,,20436,,20764,
974-00,CAM,0.0595,5179,5178,,,,,10000,
974-02,CAM,0.0775,5175,5174,,,,,9999,
974-03,CAM,0.0502,5171,5170,,,,,9998,
975-00,ROTOR,0.0616,5167,5166,,,,,9997,
975-02,ROTOR,0.0814,5163,5162,,,,,9996,
975-03,ROTOR,0.0527,5159,5158,,,,,9995,
979-01,PISTON,0.039,5155,5154,,,,,,
979-02,PISTON,0.04835,5152,5151,,,,,,
979-03,PISTON,0.0482,5149,5148,,,,,,
979-04,PISTON,0.05415,5146,5145,,,,,,
980-00,REACTION BLOCK,0.363,13348,13349,,,,,,
980-01A,REACTION BLOCK,0.363,,,,,,,20577,
980-02A,REACTION BLOCK,0.363,,,,,,,20582,
980-03,REACTION BLOCK,0.363,13313,13314,,,,,19301,
980-04,REACTION BLOCK,0.363,,,,,,,19136,
980-05A,REACTION BLOCK,0.363,,,,,,,17954,
980-06A,REACTION BLOCK,0.363,,,,,,,17973,
980-07A,REACTION BLOCK,0.363,,,,,,,14463,
981-02,PISTON,0.0337,5113,5112,,,,,,
981-03,PISTON,0.0384,5110,5109,,,,,,
981-05,PISTON,0.0479,5107,5106,,,,,,
981-06,PISTON,0.0432,5104,5103,,,,,,
982-01,BODY,0.0283,5101,5100,5099,,,,9978,
985-00,BODY,0.08,5098,5097,5096,,,,,
985-02,BODY,0.08,5093,5092,5091,,,,9976,
985-03,BODY,0.0783,5088,5087,5086,,,,20398,
985-04,BODY,0.0783,5081,5080,5079,,,,20408,
985-05,BODY,0.0793,5076,5075,5074,,,,20401,
985-06,BODY,0.0793,5071,5070,5069,,,,20405,
985-07A,BODY,0.0793,,,,,,,20411,
985-08A,BODY,0.0793,,,,,,,20414,
985-09A,BODY,0.0793,,,,,,,20419,
985-10A,BODY,0.0793,,,,,,,21810,
985-11A,BODY,0.0793,,,,,,,22095,
985-12,BODY,0.0793,22879,22880,22881,,,,22872,
985-13,BODY,0.0793,22874,22875,22876,,,,22873,
985-14A,BODY,0.0793,,,,,,,23247,
986-00,SUB BEARG,0.464,5066,5065,,,,,,
988-00,LIMITER,0.0296,5062,5061,,,,,,
989-00,HUB,0.054,5056,5055,,,,,,
989-01,HUB,0.0095,5052,5051,,,,,,
989-02,HUB(JM),0.07,23441,23442,,,,,23440,
990-00,RACK STOPPER,0.0731,5044,5043,5042,,,,9960,
991-00,ROD GUIDE ASS'Y,0.0875,5039,5038,5036,,5032,,12984,
992-00,HOLDER,0.123,5031,5030,5029,,,,,
992-01,HOLDER,0.082,5025,5024,5023,,,,,
994-01,RACK STOPPER,0.0831,5019,5018,5017,,,,9956,
999-01,CAM,0.219,5014,5013,,,,,,
999-02,CAM,0.1925,5010,5009,,,,,9954,
